miRNA,ERR3412357,ERR3412358,ERR3412359,ERR3412360,ERR3412361,ERR3412362,ERR3412363,ERR3412364,ERR3412365,ERR3412366,ERR3412367,ERR3412368,ERR3412369,ERR3412370,ERR3412371,ERR3412372,ERR3412373,ERR3412374,ERR3412375,ERR3412376,ERR3412377,ERR3412378
hsa-let-7a-3p,6.86,2.25,4.38,0.0,0.0,27.94,29.41,0.0,0.0,17.83,0.0,0.0,0.0,5.47,0.0,1.65,2.78,16.84,3.2,0.0,1.59,0.0
hsa-let-7a-5p,1526.19,1970.63,1848.6,1967.33,1925.94,3800.5,5278.75,1366.04,2331.74,1069.8,3954.84,3156.51,1376.06,3312.02,3210.52,4175.28,1882.89,1583.17,2627.54,974.58,458.3,1454.33
hsa-let-7b-3p,0.0,0.0,0.0,12.45,0.0,0.0,0.0,0.0,0.0,0.0,0.0,0.0,0.0,0.0,0.0,0.0,0.0,2.11,3.2,0.0,0.0,0.0
hsa-let-7b-5p,322.63,234.49,477.48,161.87,399.72,335.34,213.21,111.36,123.65,160.47,223.26,368.94,334.19,412.64,470.82,611.3,271.37,734.74,837.49,146.47,52.51,291.56
hsa-let-7c-3p,0.0,0.0,0.0,0.0,0.0,0.0,0.0,0.0,0.0,0.0,0.0,0.0,0.0,0.0,0.0,0.0,0.0,0.0,3.2,0.0,0.0,0.0
hsa-let-7c-5p,171.61,299.88,245.31,186.77,136.27,454.1,441.12,126.21,229.64,106.98,398.67,655.9,117.95,475.49,313.88,952.37,225.45,737.55,533.82,173.23,62.06,203.28
hsa-let-7d-3p,18.31,13.53,17.52,24.9,18.17,41.92,7.35,29.7,17.66,0.0,0.0,81.99,137.61,32.79,8.97,34.6,26.44,11.23,60.73,11.27,1.59,10.45
hsa-let-7d-5p,6.86,47.35,52.57,112.06,63.59,34.93,80.87,37.12,105.99,35.66,31.89,122.98,39.32,38.26,4.48,49.43,57.06,20.35,31.97,45.07,3.18,90.61
hsa-let-7e-3p,0.0,0.0,0.0,0.0,0.0,0.0,0.0,0.0,0.0,0.0,0.0,0.0,0.0,0.0,0.0,0.0,0.0,0.7,0.0,0.0,0.0,0.0
hsa-let-7e-5p,27.46,148.81,131.42,236.58,163.52,244.52,220.56,81.67,194.31,35.66,63.79,491.92,78.63,207.68,62.78,173.01,134.99,50.53,60.73,101.4,15.91,159.14
hsa-let-7f-5p,1423.22,3499.33,3110.2,2241.26,1280.93,3052.98,3323.11,994.83,3197.31,517.07,2519.61,2582.6,1238.45,4962.56,2654.51,6043.78,3785.27,1299.66,3135.79,2157.59,456.71,3183.96
hsa-let-7g-5p,286.02,200.67,262.83,62.26,254.37,447.12,301.43,74.24,335.63,213.96,350.83,81.99,19.66,316.99,582.92,487.72,130.81,228.77,476.28,87.32,119.35,109.19
hsa-let-7i-3p,0.0,0.0,0.0,0.0,0.0,0.0,0.0,0.0,0.0,0.0,0.0,0.0,0.0,0.0,0.0,0.0,0.0,1.4,0.0,0.0,0.0,0.0
hsa-let-7i-5p,105.25,63.13,91.99,62.26,136.27,139.72,66.17,29.7,52.99,53.49,47.84,81.99,0.0,112.04,295.94,92.27,90.46,308.07,460.3,39.43,20.69,46.46
hsa-miR-100-3p,0.0,0.0,4.38,0.0,0.0,0.0,0.0,0.0,0.0,0.0,0.0,0.0,0.0,0.0,0.0,0.0,0.0,0.0,0.0,0.0,0.0,0.0
hsa-miR-100-5p,22.88,29.31,65.71,0.0,27.25,139.72,58.82,51.97,35.33,0.0,31.89,122.98,19.66,65.58,67.26,70.85,100.2,111.58,51.14,28.17,57.29,47.63
hsa-miR-101-3p,70.93,22.55,65.71,24.9,36.34,41.92,0.0,22.27,17.66,17.83,47.84,204.97,39.32,38.26,121.07,123.58,66.8,228.07,409.15,45.07,23.87,32.52
hsa-miR-101-5p,0.0,0.0,0.0,0.0,0.0,0.0,0.0,0.0,0.0,0.0,0.0,0.0,0.0,0.0,0.0,3.3,0.0,2.11,3.2,0.0,0.0,0.0
hsa-miR-10226,0.0,0.0,0.0,0.0,0.0,0.0,0.0,0.0,0.0,0.0,0.0,0.0,0.0,0.0,0.0,0.0,0.0,0.0,0.0,0.0,1.59,0.0
hsa-miR-10394-3p,0.0,0.0,0.0,0.0,0.0,0.0,0.0,0.0,0.0,0.0,0.0,0.0,0.0,0.0,0.0,1.65,0.0,0.0,0.0,0.0,0.0,0.0
hsa-miR-10396b-3p,0.0,0.0,0.0,0.0,0.0,0.0,0.0,0.0,0.0,0.0,0.0,0.0,0.0,0.0,0.0,1.65,0.0,0.7,0.0,0.0,0.0,0.0
hsa-miR-10399-5p,0.0,0.0,0.0,0.0,0.0,0.0,0.0,0.0,0.0,0.0,0.0,0.0,0.0,0.0,0.0,0.0,0.0,0.0,3.2,0.0,0.0,0.0
hsa-miR-103a-3p,77.8,33.82,4.38,12.45,0.0,90.82,66.17,7.42,35.33,0.0,95.68,0.0,0.0,112.04,44.84,4.94,11.13,227.37,137.45,2.82,3.18,41.82
hsa-miR-10401-3p,4.58,0.0,0.0,0.0,9.08,0.0,0.0,0.0,0.0,0.0,0.0,0.0,0.0,0.0,0.0,0.0,0.0,0.0,0.0,4.23,1.59,1.16
hsa-miR-106a-5p,0.0,0.0,13.14,0.0,0.0,0.0,0.0,0.0,0.0,0.0,0.0,0.0,0.0,2.73,0.0,3.3,0.0,2.11,0.0,0.0,0.0,3.48
hsa-miR-106b-3p,0.0,0.0,17.52,0.0,18.17,6.99,0.0,0.0,0.0,0.0,0.0,0.0,0.0,5.47,4.48,1.65,1.39,28.77,19.18,0.0,0.0,1.16
hsa-miR-106b-5p,2.29,4.51,4.38,0.0,9.08,0.0,0.0,0.0,17.66,0.0,0.0,0.0,0.0,2.73,0.0,1.65,0.0,3.51,12.79,0.0,1.59,1.16
hsa-miR-107,9.15,0.0,0.0,37.35,9.08,13.97,7.35,14.85,0.0,35.66,0.0,40.99,19.66,8.2,0.0,4.94,2.78,79.3,9.59,2.82,1.59,12.78
hsa-miR-10a-3p,2.29,6.76,4.38,0.0,9.08,0.0,7.35,0.0,17.66,0.0,0.0,0.0,0.0,16.4,4.48,8.24,8.35,8.42,6.39,2.82,4.77,10.45
hsa-miR-10a-5p,48771.61,21307.15,40555.28,45696.78,51500.78,82067.08,140820.63,24997.03,101695.81,24480.7,149167.57,62023.45,76980.54,52188.88,169260.64,82538.45,81533.59,65899.27,96739.55,24116.51,55142.69,38501.39
hsa-miR-10b-3p,0.0,0.0,8.76,0.0,0.0,13.97,0.0,0.0,0.0,0.0,0.0,0.0,0.0,5.47,8.97,6.59,4.17,6.32,9.59,1.41,0.0,6.97
hsa-miR-10b-5p,121884.42,63590.02,86086.88,91605.24,122833.32,239773.93,380180.42,48910.14,332079.14,74440.58,338154.62,181069.12,195498.33,106132.15,536568.96,249711.24,245985.46,283105.95,331198.06,57171.79,130875.58,124021.06
hsa-miR-1180-3p,4.58,0.0,0.0,0.0,0.0,6.99,0.0,0.0,0.0,0.0,0.0,0.0,0.0,0.0,4.48,1.65,2.78,1.4,0.0,0.0,1.59,2.32
hsa-miR-12136,0.0,0.0,0.0,0.0,0.0,0.0,0.0,0.0,0.0,0.0,0.0,0.0,0.0,0.0,0.0,0.0,0.0,0.0,0.0,1.41,0.0,0.0
hsa-miR-1226-3p,0.0,0.0,4.38,0.0,0.0,0.0,0.0,0.0,0.0,0.0,0.0,0.0,0.0,0.0,0.0,0.0,0.0,0.0,0.0,0.0,0.0,0.0
hsa-miR-122b-5p,0.0,0.0,0.0,0.0,0.0,6.99,0.0,0.0,0.0,0.0,0.0,0.0,0.0,0.0,0.0,0.0,0.0,0.7,0.0,0.0,0.0,1.16
hsa-miR-124-3p,0.0,0.0,0.0,0.0,0.0,0.0,0.0,0.0,0.0,0.0,0.0,40.99,0.0,0.0,0.0,0.0,0.0,0.0,0.0,0.0,0.0,0.0
hsa-miR-1246,0.0,0.0,0.0,0.0,0.0,0.0,0.0,0.0,0.0,17.83,0.0,0.0,0.0,0.0,0.0,0.0,0.0,0.0,0.0,0.0,0.0,0.0
hsa-miR-1248,0.0,0.0,0.0,0.0,0.0,0.0,0.0,0.0,0.0,0.0,0.0,0.0,0.0,0.0,0.0,0.0,0.0,0.7,0.0,0.0,0.0,0.0
hsa-miR-1249-3p,0.0,0.0,0.0,0.0,0.0,0.0,0.0,0.0,0.0,0.0,0.0,0.0,0.0,0.0,0.0,0.0,0.0,0.0,0.0,0.0,1.59,0.0
hsa-miR-1251-5p,0.0,0.0,0.0,0.0,0.0,0.0,0.0,0.0,0.0,0.0,0.0,0.0,0.0,0.0,0.0,0.0,0.0,1.4,0.0,0.0,0.0,0.0
hsa-miR-1255b-5p,0.0,0.0,0.0,0.0,0.0,0.0,0.0,0.0,0.0,17.83,0.0,0.0,0.0,0.0,4.48,0.0,0.0,0.0,0.0,0.0,0.0,0.0
hsa-miR-125a-3p,2.29,0.0,4.38,0.0,0.0,0.0,7.35,0.0,0.0,0.0,15.95,0.0,0.0,8.2,0.0,1.65,0.0,0.0,3.2,0.0,0.0,1.16
hsa-miR-125a-5p,439.32,162.34,490.62,311.29,227.12,698.62,816.07,193.03,335.63,106.98,765.45,491.92,432.47,724.16,753.31,996.86,937.97,167.02,556.19,180.27,313.49,334.54
hsa-miR-125b-1-3p,0.0,0.0,0.0,0.0,0.0,6.99,0.0,0.0,0.0,0.0,0.0,0.0,0.0,0.0,0.0,0.0,0.0,2.81,0.0,0.0,0.0,0.0
hsa-miR-125b-2-3p,0.0,0.0,0.0,0.0,0.0,6.99,0.0,0.0,0.0,0.0,0.0,0.0,0.0,0.0,0.0,0.0,0.0,4.21,0.0,1.41,0.0,1.16
hsa-miR-125b-5p,32.03,36.08,83.23,74.71,45.42,76.85,117.63,14.85,35.33,17.83,79.73,163.97,58.97,101.11,67.26,252.1,116.9,102.46,233.35,42.25,39.78,56.92
hsa-miR-126-3p,0.0,0.0,0.0,0.0,0.0,0.0,7.35,0.0,0.0,0.0,0.0,0.0,0.0,0.0,8.97,3.3,0.0,1.4,3.2,0.0,3.18,0.0
hsa-miR-126-5p,2.29,2.25,4.38,0.0,0.0,6.99,7.35,0.0,17.66,0.0,0.0,122.98,0.0,2.73,8.97,3.3,0.0,13.33,3.2,0.0,3.18,2.32
hsa-miR-1260b,0.0,0.0,0.0,0.0,0.0,0.0,0.0,0.0,0.0,0.0,0.0,0.0,0.0,0.0,0.0,1.65,1.39,0.0,0.0,0.0,0.0,0.0
hsa-miR-1262,0.0,0.0,0.0,0.0,0.0,0.0,0.0,0.0,0.0,0.0,0.0,0.0,0.0,0.0,0.0,0.0,0.0,0.0,0.0,0.0,1.59,0.0
hsa-miR-1263,0.0,0.0,0.0,0.0,0.0,0.0,0.0,0.0,0.0,0.0,0.0,0.0,0.0,0.0,0.0,0.0,0.0,0.0,0.0,1.41,0.0,0.0
hsa-miR-127-3p,2.29,0.0,8.76,0.0,0.0,0.0,14.7,0.0,0.0,0.0,0.0,81.99,0.0,2.73,0.0,1.65,6.96,0.0,3.2,1.41,0.0,0.0
hsa-miR-1270,4.58,0.0,0.0,0.0,0.0,0.0,0.0,0.0,0.0,0.0,0.0,0.0,0.0,2.73,0.0,0.0,0.0,0.0,3.2,0.0,0.0,0.0
hsa-miR-1273h-5p,0.0,0.0,0.0,0.0,0.0,0.0,0.0,0.0,0.0,0.0,0.0,0.0,0.0,0.0,0.0,0.0,0.0,0.7,0.0,0.0,0.0,0.0
hsa-miR-1277-3p,0.0,0.0,0.0,0.0,0.0,0.0,0.0,14.85,0.0,0.0,0.0,0.0,0.0,0.0,0.0,0.0,0.0,0.0,0.0,0.0,0.0,0.0
hsa-miR-128-1-5p,0.0,0.0,0.0,0.0,0.0,0.0,0.0,0.0,0.0,0.0,0.0,0.0,0.0,0.0,0.0,0.0,0.0,0.7,0.0,0.0,0.0,0.0
hsa-miR-128-3p,11.44,4.51,17.52,12.45,9.08,13.97,7.35,7.42,17.66,17.83,0.0,163.97,19.66,10.93,22.42,11.53,13.92,6.32,19.18,7.04,3.18,20.91
hsa-miR-1285-5p,0.0,0.0,0.0,0.0,0.0,0.0,0.0,0.0,0.0,0.0,0.0,0.0,0.0,0.0,0.0,0.0,0.0,0.7,0.0,0.0,1.59,0.0
hsa-miR-1287-5p,0.0,0.0,0.0,0.0,9.08,0.0,0.0,0.0,0.0,0.0,0.0,0.0,0.0,0.0,0.0,0.0,0.0,0.7,0.0,0.0,0.0,0.0
hsa-miR-129-1-3p,0.0,0.0,0.0,0.0,0.0,0.0,0.0,0.0,0.0,0.0,0.0,0.0,0.0,0.0,0.0,1.65,0.0,0.0,0.0,0.0,0.0,0.0
hsa-miR-1294,0.0,0.0,0.0,0.0,0.0,0.0,0.0,0.0,0.0,0.0,0.0,0.0,0.0,0.0,0.0,1.65,0.0,0.0,3.2,0.0,0.0,0.0
hsa-miR-1296-5p,0.0,0.0,4.38,0.0,0.0,6.99,0.0,0.0,0.0,0.0,0.0,0.0,0.0,0.0,0.0,0.0,0.0,5.61,0.0,0.0,1.59,1.16
hsa-miR-1299,0.0,4.51,0.0,0.0,0.0,0.0,0.0,7.42,17.66,0.0,0.0,0.0,0.0,0.0,0.0,9.89,0.0,0.7,0.0,1.41,1.59,0.0
hsa-miR-1301-3p,0.0,0.0,0.0,0.0,0.0,0.0,0.0,0.0,0.0,0.0,0.0,0.0,0.0,0.0,0.0,1.65,0.0,0.0,0.0,0.0,0.0,2.32
hsa-miR-1303,0.0,0.0,0.0,0.0,0.0,0.0,0.0,0.0,0.0,0.0,0.0,0.0,0.0,0.0,0.0,0.0,0.0,1.4,0.0,0.0,0.0,1.16
hsa-miR-1307-3p,2.29,2.25,4.38,0.0,0.0,6.99,0.0,0.0,0.0,0.0,0.0,0.0,0.0,8.2,0.0,3.3,2.78,11.93,3.2,1.41,4.77,2.32
hsa-miR-1307-5p,0.0,0.0,8.76,12.45,9.08,0.0,0.0,0.0,0.0,0.0,0.0,0.0,0.0,0.0,0.0,3.3,2.78,56.84,15.98,2.82,0.0,1.16
hsa-miR-130a-3p,13.73,13.53,8.76,12.45,18.17,0.0,7.35,0.0,17.66,0.0,15.95,0.0,0.0,21.86,26.9,16.48,29.22,41.4,67.13,14.08,6.37,19.75
hsa-miR-130b-3p,0.0,0.0,0.0,0.0,0.0,0.0,0.0,0.0,0.0,0.0,0.0,0.0,0.0,2.73,8.97,1.65,1.39,6.32,3.2,0.0,0.0,0.0
hsa-miR-130b-5p,4.58,0.0,0.0,0.0,0.0,0.0,0.0,0.0,0.0,0.0,0.0,0.0,0.0,2.73,4.48,1.65,0.0,2.11,0.0,0.0,0.0,0.0
hsa-miR-132-3p,2.29,0.0,0.0,0.0,0.0,0.0,0.0,0.0,0.0,0.0,0.0,0.0,0.0,2.73,0.0,0.0,1.39,5.61,6.39,1.41,0.0,1.16
hsa-miR-132-5p,0.0,0.0,0.0,0.0,0.0,0.0,0.0,0.0,0.0,0.0,0.0,0.0,0.0,0.0,0.0,1.65,0.0,0.0,0.0,0.0,0.0,0.0
hsa-miR-135a-2-3p,0.0,0.0,4.38,0.0,0.0,6.99,0.0,7.42,0.0,0.0,0.0,0.0,0.0,0.0,4.48,1.65,1.39,4.21,0.0,2.82,0.0,1.16
hsa-miR-135a-5p,0.0,0.0,8.76,0.0,0.0,0.0,0.0,0.0,0.0,0.0,0.0,0.0,0.0,0.0,0.0,6.59,2.78,2.81,0.0,1.41,0.0,3.48
hsa-miR-135b-5p,0.0,0.0,4.38,0.0,0.0,0.0,0.0,7.42,0.0,0.0,0.0,0.0,0.0,0.0,0.0,0.0,0.0,4.91,0.0,0.0,1.59,0.0
hsa-miR-136-5p,0.0,0.0,0.0,0.0,0.0,0.0,0.0,0.0,0.0,0.0,0.0,0.0,0.0,0.0,0.0,0.0,0.0,0.0,0.0,0.0,0.0,1.16
hsa-miR-138-1-3p,0.0,0.0,0.0,0.0,0.0,0.0,0.0,0.0,0.0,0.0,0.0,0.0,0.0,0.0,0.0,0.0,0.0,0.7,0.0,0.0,0.0,0.0
hsa-miR-138-5p,0.0,0.0,0.0,0.0,0.0,6.99,0.0,0.0,0.0,0.0,0.0,0.0,0.0,2.73,0.0,0.0,0.0,3.51,0.0,0.0,0.0,0.0
hsa-miR-139-5p,0.0,0.0,0.0,0.0,0.0,0.0,0.0,0.0,0.0,0.0,0.0,40.99,0.0,0.0,0.0,0.0,2.78,0.0,0.0,0.0,0.0,0.0
hsa-miR-140-3p,22.88,2.25,26.28,0.0,0.0,27.94,7.35,0.0,0.0,0.0,0.0,0.0,0.0,10.93,8.97,13.18,18.09,56.84,86.31,5.63,12.73,6.97
hsa-miR-140-5p,0.0,0.0,0.0,0.0,0.0,0.0,0.0,0.0,0.0,0.0,0.0,0.0,0.0,0.0,4.48,0.0,0.0,7.72,0.0,0.0,1.59,0.0
hsa-miR-141-3p,302.03,92.44,884.87,410.9,136.27,579.86,301.43,274.69,158.98,89.15,398.67,204.97,235.9,691.37,192.81,1014.99,372.96,1484.92,738.4,121.12,109.8,171.92
hsa-miR-141-5p,9.15,0.0,8.76,0.0,0.0,13.97,0.0,0.0,0.0,0.0,0.0,0.0,0.0,2.73,4.48,9.89,2.78,22.46,15.98,2.82,0.0,1.16
hsa-miR-142-3p,0.0,0.0,0.0,0.0,0.0,0.0,0.0,0.0,0.0,0.0,0.0,0.0,0.0,0.0,0.0,0.0,0.0,1.4,0.0,0.0,0.0,0.0
hsa-miR-142-5p,9.15,2.25,30.66,0.0,36.34,62.88,7.35,14.85,0.0,0.0,0.0,40.99,727.34,13.66,461.85,3.3,4.17,639.3,3075.05,4.23,22.28,1.16
hsa-miR-143-3p,20.59,6.76,21.9,0.0,9.08,34.93,0.0,14.85,0.0,17.83,0.0,737.89,1100.85,8.2,1614.23,0.0,8.35,722.81,3081.45,4.23,17.5,1.16
hsa-miR-144-3p,0.0,0.0,0.0,0.0,0.0,6.99,0.0,7.42,0.0,0.0,0.0,0.0,0.0,0.0,8.97,0.0,0.0,0.0,0.0,0.0,0.0,0.0
hsa-miR-144-5p,0.0,0.0,0.0,0.0,0.0,0.0,0.0,0.0,0.0,0.0,0.0,0.0,0.0,0.0,22.42,0.0,0.0,0.0,0.0,0.0,0.0,0.0
hsa-miR-145-5p,0.0,0.0,0.0,0.0,0.0,0.0,0.0,0.0,0.0,0.0,0.0,0.0,58.97,0.0,0.0,0.0,0.0,4.91,25.57,0.0,0.0,0.0
hsa-miR-1468-5p,6.86,0.0,4.38,0.0,0.0,0.0,14.7,0.0,0.0,0.0,15.95,0.0,0.0,2.73,0.0,14.83,6.96,4.91,6.39,2.82,1.59,3.48
hsa-miR-146a-5p,43.47,0.0,21.9,0.0,9.08,48.9,14.7,14.85,0.0,17.83,47.84,0.0,39.32,30.06,112.1,21.42,16.7,257.55,153.43,2.82,6.37,4.65
hsa-miR-146b-3p,0.0,0.0,0.0,0.0,0.0,0.0,0.0,0.0,0.0,0.0,0.0,0.0,19.66,0.0,0.0,9.89,0.0,0.7,3.2,0.0,0.0,0.0
hsa-miR-146b-5p,132.71,24.8,87.61,12.45,36.34,90.82,95.58,29.7,52.99,0.0,111.63,81.99,39.32,106.57,434.94,171.36,87.67,877.2,441.12,52.11,68.43,77.83
hsa-miR-147b-3p,0.0,0.0,0.0,0.0,0.0,0.0,0.0,0.0,0.0,0.0,0.0,0.0,0.0,0.0,4.48,0.0,0.0,1.4,3.2,0.0,0.0,0.0
hsa-miR-148a-3p,1082.29,595.25,3289.81,435.8,835.79,1404.23,727.85,497.42,847.91,517.07,637.88,245.96,1729.9,1921.08,1824.97,4120.91,1889.85,11209.88,16043.34,732.34,370.78,1014.08
hsa-miR-148a-5p,6.86,0.0,35.04,0.0,0.0,0.0,0.0,0.0,0.0,0.0,15.95,0.0,0.0,0.0,0.0,31.31,8.35,43.51,31.97,4.23,1.59,3.48
hsa-miR-148b-3p,13.73,2.25,13.14,0.0,18.17,13.97,14.7,7.42,0.0,0.0,0.0,81.99,19.66,13.66,13.45,24.72,8.35,68.77,63.93,8.45,6.37,13.94
hsa-miR-148b-5p,2.29,0.0,0.0,0.0,9.08,0.0,0.0,0.0,17.66,0.0,0.0,0.0,0.0,0.0,0.0,1.65,1.39,2.81,0.0,0.0,1.59,1.16
hsa-miR-149-5p,4.58,2.25,8.76,0.0,9.08,0.0,0.0,0.0,0.0,0.0,0.0,40.99,0.0,10.93,0.0,11.53,1.39,4.91,6.39,8.45,1.59,6.97
hsa-miR-150-5p,0.0,0.0,0.0,0.0,0.0,0.0,0.0,0.0,0.0,0.0,0.0,0.0,0.0,2.73,13.45,0.0,0.0,0.0,0.0,0.0,0.0,0.0
hsa-miR-151a-3p,260.85,101.46,346.06,124.51,90.85,300.41,235.26,81.67,88.32,89.15,127.58,40.99,98.29,388.04,237.65,477.83,388.27,512.98,453.91,116.89,85.93,238.13
hsa-miR-151a-5p,187.63,99.21,162.08,99.61,163.52,216.57,198.5,89.09,123.65,89.15,95.68,40.99,19.66,278.73,85.2,248.8,211.53,138.95,185.4,76.05,39.78,154.49
hsa-miR-151b,2.29,2.25,4.38,0.0,0.0,6.99,7.35,0.0,0.0,0.0,15.95,0.0,0.0,0.0,0.0,11.53,6.96,0.7,3.2,2.82,1.59,3.48
hsa-miR-152-3p,2.29,0.0,0.0,12.45,0.0,6.99,7.35,0.0,0.0,0.0,0.0,0.0,0.0,0.0,0.0,1.65,2.78,7.72,0.0,1.41,0.0,0.0
hsa-miR-152-5p,2.29,0.0,0.0,0.0,0.0,0.0,0.0,0.0,0.0,0.0,0.0,0.0,0.0,0.0,0.0,0.0,0.0,0.0,0.0,0.0,0.0,0.0
hsa-miR-153-3p,0.0,0.0,4.38,0.0,0.0,0.0,0.0,0.0,0.0,0.0,0.0,40.99,0.0,0.0,0.0,0.0,0.0,0.0,0.0,0.0,0.0,0.0
hsa-miR-1537-5p,0.0,0.0,0.0,0.0,0.0,0.0,0.0,0.0,0.0,0.0,0.0,0.0,0.0,0.0,0.0,0.0,0.0,0.7,0.0,0.0,0.0,0.0
hsa-miR-155-5p,4.58,0.0,4.38,0.0,0.0,13.97,0.0,0.0,0.0,17.83,0.0,0.0,0.0,0.0,4.48,8.24,1.39,5.61,9.59,0.0,0.0,2.32
hsa-miR-15a-5p,2.29,0.0,8.76,12.45,9.08,6.99,0.0,0.0,0.0,0.0,0.0,0.0,19.66,10.93,71.74,4.94,2.78,37.89,159.83,0.0,0.0,3.48
hsa-miR-15b-3p,0.0,0.0,0.0,0.0,0.0,0.0,0.0,0.0,0.0,0.0,0.0,0.0,0.0,0.0,0.0,0.0,0.0,0.7,0.0,0.0,0.0,0.0
hsa-miR-15b-5p,6.86,4.51,30.66,0.0,27.25,13.97,7.35,0.0,0.0,0.0,0.0,0.0,0.0,8.2,31.39,4.94,6.96,78.6,70.32,4.23,4.77,5.81
hsa-miR-16-2-3p,0.0,0.0,0.0,0.0,0.0,6.99,0.0,0.0,17.66,0.0,0.0,0.0,19.66,0.0,8.97,0.0,1.39,11.93,22.38,0.0,0.0,2.32
hsa-miR-16-5p,270.0,81.17,232.17,99.61,199.86,607.8,110.28,126.21,88.32,35.66,175.42,163.97,825.63,262.34,780.21,301.53,247.71,2000.71,5344.59,88.73,62.06,166.11
hsa-miR-17-3p,0.0,0.0,0.0,0.0,0.0,6.99,0.0,0.0,0.0,0.0,0.0,0.0,0.0,0.0,0.0,0.0,0.0,1.4,0.0,0.0,0.0,0.0
hsa-miR-17-5p,6.86,2.25,4.38,12.45,27.25,13.97,0.0,0.0,0.0,0.0,0.0,0.0,0.0,8.2,8.97,14.83,4.17,21.75,6.39,4.23,1.59,8.13
hsa-miR-181a-2-3p,18.31,11.27,8.76,0.0,36.34,13.97,36.76,14.85,0.0,0.0,15.95,0.0,0.0,51.92,4.48,32.95,38.97,62.46,25.57,14.08,4.77,11.62
hsa-miR-181a-3p,6.86,0.0,0.0,0.0,0.0,6.99,0.0,0.0,0.0,0.0,0.0,0.0,0.0,2.73,8.97,11.53,9.74,13.33,9.59,4.23,0.0,1.16
hsa-miR-181a-5p,887.8,320.17,775.36,398.45,417.89,1557.93,573.46,504.84,388.62,106.98,446.51,1106.83,805.98,1347.22,1161.35,1062.77,1150.89,3983.88,6821.38,633.76,262.57,566.86
hsa-miR-181b-3p,0.0,0.0,0.0,0.0,0.0,0.0,0.0,0.0,0.0,0.0,0.0,0.0,0.0,0.0,0.0,0.0,1.39,0.0,0.0,0.0,0.0,0.0
hsa-miR-181b-5p,48.05,11.27,17.52,49.81,45.42,111.78,44.11,14.85,17.66,35.66,15.95,122.98,19.66,54.65,26.9,28.01,65.41,185.26,163.02,30.98,9.55,25.56
hsa-miR-181c-3p,0.0,0.0,4.38,0.0,0.0,0.0,0.0,0.0,0.0,0.0,15.95,0.0,0.0,5.47,0.0,1.65,2.78,4.21,6.39,2.82,0.0,1.16
hsa-miR-181c-5p,11.44,4.51,17.52,0.0,9.08,34.93,22.06,0.0,0.0,0.0,0.0,81.99,0.0,10.93,8.97,3.3,5.57,63.16,246.13,1.41,0.0,2.32
hsa-miR-181d-5p,9.15,0.0,0.0,0.0,0.0,0.0,0.0,0.0,0.0,0.0,0.0,40.99,0.0,2.73,0.0,3.3,4.17,9.12,19.18,0.0,0.0,1.16
hsa-miR-182-5p,382.12,403.6,963.72,236.58,145.35,496.02,419.07,267.27,388.62,106.98,542.2,245.96,235.9,1054.82,1085.12,2095.88,562.22,757.9,1486.38,347.86,133.67,616.81
hsa-miR-183-3p,0.0,0.0,0.0,0.0,0.0,0.0,0.0,0.0,0.0,0.0,0.0,0.0,0.0,2.73,0.0,1.65,0.0,0.0,0.0,0.0,0.0,0.0
hsa-miR-183-5p,41.19,40.59,153.32,49.81,36.34,34.93,147.04,66.82,70.66,17.83,79.73,40.99,117.95,114.77,31.39,164.77,70.97,289.83,76.72,23.94,52.51,47.63
hsa-miR-184,0.0,0.0,4.38,0.0,9.08,6.99,0.0,0.0,0.0,0.0,0.0,0.0,0.0,0.0,0.0,0.0,1.39,115.79,57.54,0.0,0.0,1.16
hsa-miR-1843,2.29,0.0,0.0,0.0,18.17,0.0,0.0,7.42,17.66,0.0,0.0,0.0,0.0,0.0,4.48,0.0,0.0,3.51,9.59,0.0,0.0,0.0
hsa-miR-185-5p,0.0,0.0,0.0,0.0,0.0,0.0,0.0,0.0,0.0,0.0,0.0,0.0,0.0,2.73,4.48,0.0,1.39,0.7,3.2,0.0,0.0,0.0
hsa-miR-186-5p,169.32,69.9,337.3,149.42,136.27,468.08,316.14,185.6,158.98,17.83,79.73,81.99,452.13,308.79,192.81,505.85,370.18,1576.85,1371.31,159.14,70.02,123.13
hsa-miR-187-3p,0.0,2.25,0.0,0.0,0.0,0.0,0.0,0.0,0.0,0.0,0.0,0.0,0.0,0.0,0.0,6.59,1.39,2.11,0.0,1.41,0.0,2.32
hsa-miR-187-5p,0.0,0.0,0.0,0.0,0.0,0.0,0.0,0.0,0.0,0.0,0.0,0.0,0.0,2.73,0.0,1.65,0.0,0.0,0.0,0.0,0.0,0.0
hsa-miR-188-3p,0.0,0.0,0.0,0.0,0.0,0.0,0.0,0.0,0.0,0.0,0.0,0.0,0.0,0.0,0.0,0.0,2.78,0.0,0.0,0.0,0.0,0.0
hsa-miR-18a-5p,2.29,0.0,0.0,0.0,0.0,6.99,0.0,0.0,0.0,0.0,0.0,0.0,0.0,0.0,0.0,0.0,0.0,0.0,0.0,0.0,0.0,0.0
hsa-miR-18b-3p,0.0,0.0,0.0,0.0,0.0,0.0,0.0,0.0,0.0,0.0,0.0,0.0,0.0,0.0,0.0,1.65,0.0,0.0,0.0,0.0,0.0,0.0
hsa-miR-190a-3p,0.0,0.0,0.0,0.0,0.0,0.0,0.0,0.0,0.0,0.0,0.0,0.0,0.0,0.0,4.48,3.3,1.39,2.11,3.2,0.0,0.0,0.0
hsa-miR-190a-5p,9.15,0.0,0.0,0.0,0.0,0.0,14.7,0.0,52.99,0.0,0.0,40.99,0.0,0.0,8.97,0.0,2.78,8.42,0.0,1.41,1.59,1.16
hsa-miR-190b-5p,0.0,0.0,0.0,0.0,0.0,0.0,0.0,0.0,0.0,0.0,0.0,0.0,0.0,0.0,4.48,0.0,0.0,0.7,3.2,0.0,0.0,0.0
hsa-miR-191-3p,0.0,0.0,0.0,0.0,0.0,0.0,0.0,0.0,0.0,0.0,0.0,0.0,0.0,0.0,4.48,0.0,0.0,0.0,0.0,0.0,0.0,0.0
hsa-miR-191-5p,1366.02,662.89,2396.17,1220.24,535.99,2151.75,2455.58,1054.23,1183.54,606.22,2726.92,2418.63,1415.37,2970.43,1717.36,4559.2,1990.05,1388.08,2704.26,622.49,852.95,1421.8
hsa-miR-192-3p,0.0,0.0,0.0,0.0,0.0,0.0,0.0,0.0,0.0,0.0,0.0,0.0,0.0,0.0,0.0,0.0,0.0,2.11,0.0,0.0,0.0,0.0
hsa-miR-192-5p,1505.59,638.09,1717.18,361.09,599.59,2242.58,1757.13,438.02,582.94,606.22,717.61,368.94,432.47,1087.61,1605.26,1914.63,3214.7,6786.0,2122.49,1136.53,630.17,1606.5
hsa-miR-193a-3p,0.0,0.0,0.0,0.0,0.0,0.0,0.0,0.0,0.0,0.0,0.0,0.0,0.0,0.0,0.0,0.0,0.0,2.81,0.0,0.0,0.0,0.0
hsa-miR-193a-5p,0.0,0.0,0.0,0.0,0.0,0.0,0.0,0.0,17.66,0.0,0.0,0.0,0.0,0.0,4.48,0.0,0.0,2.11,0.0,0.0,0.0,0.0
hsa-miR-193b-3p,0.0,2.25,4.38,0.0,0.0,0.0,0.0,0.0,0.0,0.0,0.0,0.0,19.66,5.47,0.0,4.94,4.17,33.68,19.18,1.41,1.59,3.48
hsa-miR-193b-5p,0.0,0.0,0.0,12.45,9.08,0.0,7.35,0.0,0.0,0.0,0.0,0.0,0.0,2.73,0.0,0.0,0.0,0.7,9.59,0.0,0.0,0.0
hsa-miR-194-3p,0.0,0.0,0.0,0.0,0.0,0.0,0.0,0.0,0.0,0.0,0.0,0.0,0.0,0.0,0.0,0.0,1.39,0.0,0.0,0.0,0.0,0.0
hsa-miR-194-5p,84.66,15.78,61.33,0.0,27.25,83.83,44.11,44.54,0.0,0.0,15.95,40.99,0.0,21.86,17.94,54.37,111.33,129.12,47.95,57.74,28.64,56.92
hsa-miR-195-3p,0.0,0.0,0.0,0.0,0.0,0.0,0.0,0.0,0.0,0.0,0.0,0.0,0.0,0.0,0.0,0.0,1.39,0.7,0.0,0.0,0.0,0.0
hsa-miR-195-5p,2.29,0.0,0.0,12.45,0.0,6.99,7.35,0.0,0.0,17.83,0.0,0.0,39.32,8.2,0.0,8.24,1.39,9.12,0.0,1.41,0.0,2.32
hsa-miR-196a-1-3p,0.0,0.0,0.0,0.0,0.0,0.0,0.0,0.0,0.0,0.0,0.0,0.0,0.0,0.0,0.0,1.65,0.0,0.0,0.0,0.0,0.0,0.0
hsa-miR-196a-5p,59.49,56.37,8.76,74.71,90.85,174.66,132.34,37.12,52.99,0.0,63.79,0.0,19.66,32.79,58.29,57.67,48.71,159.3,63.93,49.29,17.5,66.21
hsa-miR-196b-5p,4.58,15.78,21.9,12.45,27.25,41.92,29.41,14.85,0.0,17.83,47.84,0.0,19.66,32.79,22.42,49.43,16.7,89.83,47.95,19.72,6.37,15.1
hsa-miR-197-3p,11.44,2.25,13.14,0.0,0.0,20.96,7.35,0.0,17.66,17.83,0.0,40.99,98.29,19.13,13.45,14.83,2.78,2.81,9.59,1.41,1.59,0.0
hsa-miR-197-5p,0.0,0.0,0.0,0.0,0.0,0.0,0.0,0.0,0.0,0.0,0.0,0.0,0.0,0.0,0.0,0.0,1.39,0.0,0.0,0.0,0.0,0.0
hsa-miR-199a-3p,2.29,0.0,0.0,0.0,9.08,0.0,0.0,0.0,0.0,0.0,0.0,0.0,0.0,0.0,35.87,0.0,1.39,14.74,70.32,0.0,0.0,0.0
hsa-miR-199b-3p,0.0,0.0,0.0,0.0,0.0,0.0,0.0,0.0,0.0,0.0,0.0,0.0,19.66,0.0,0.0,1.65,0.0,0.7,6.39,0.0,0.0,0.0
hsa-miR-199b-5p,0.0,0.0,0.0,0.0,0.0,0.0,0.0,0.0,0.0,0.0,0.0,0.0,0.0,0.0,0.0,0.0,0.0,4.91,25.57,0.0,0.0,0.0
hsa-miR-19a-3p,18.31,0.0,8.76,24.9,45.42,27.94,22.06,7.42,52.99,17.83,0.0,0.0,78.63,5.47,8.97,9.89,5.57,58.95,51.14,1.41,3.18,1.16
hsa-miR-19b-3p,61.78,6.76,52.57,99.61,154.44,188.63,198.5,59.39,141.32,53.49,127.58,40.99,157.26,27.33,44.84,41.19,23.66,320.0,194.99,11.27,15.91,10.45
hsa-miR-200a-3p,93.81,11.27,48.19,87.16,63.59,90.82,44.11,118.79,35.33,17.83,31.89,0.0,0.0,43.72,26.9,140.05,62.62,284.21,156.63,32.39,20.69,39.49
hsa-miR-200a-5p,2.29,0.0,4.38,0.0,9.08,13.97,7.35,7.42,0.0,0.0,0.0,0.0,0.0,2.73,0.0,3.3,4.17,17.54,12.79,1.41,0.0,1.16
hsa-miR-200b-3p,176.19,81.17,240.93,112.06,254.37,307.39,227.91,155.91,176.65,71.32,159.47,81.99,235.9,470.02,116.58,583.29,300.59,1059.65,553.0,160.55,33.42,203.28
hsa-miR-200b-5p,2.29,2.25,8.76,0.0,0.0,0.0,0.0,0.0,0.0,17.83,0.0,40.99,0.0,5.47,0.0,11.53,4.17,11.23,12.79,5.63,0.0,5.81
hsa-miR-200c-3p,125.85,15.78,61.33,49.81,9.08,76.85,22.06,14.85,0.0,0.0,63.79,40.99,58.97,73.78,31.39,116.99,40.36,243.51,163.02,26.76,22.28,18.59
hsa-miR-203a-3p,41.19,13.53,74.47,87.16,145.35,258.49,44.11,29.7,17.66,53.49,207.31,0.0,137.61,128.44,103.13,179.6,154.47,2727.73,179.01,47.88,42.97,16.26
hsa-miR-203a-5p,0.0,0.0,0.0,0.0,0.0,0.0,0.0,0.0,0.0,0.0,0.0,0.0,0.0,0.0,0.0,0.0,0.0,0.0,3.2,0.0,0.0,0.0
hsa-miR-203b-3p,0.0,0.0,0.0,0.0,0.0,0.0,0.0,0.0,0.0,0.0,0.0,0.0,0.0,0.0,0.0,1.65,0.0,1.4,0.0,0.0,0.0,0.0
hsa-miR-204-3p,0.0,0.0,0.0,0.0,9.08,0.0,0.0,0.0,0.0,0.0,0.0,40.99,0.0,0.0,0.0,0.0,0.0,1.4,0.0,0.0,0.0,1.16
hsa-miR-204-5p,1192.12,308.9,438.06,622.57,354.3,873.28,1345.42,311.81,724.25,534.9,510.3,819.87,707.69,1153.19,1165.83,1936.05,1887.07,828.78,933.38,590.1,647.67,564.54
hsa-miR-205-3p,2.29,0.0,0.0,0.0,0.0,6.99,0.0,0.0,0.0,0.0,0.0,0.0,0.0,0.0,0.0,0.0,0.0,0.7,0.0,0.0,0.0,0.0
hsa-miR-205-5p,34.32,0.0,39.43,24.9,54.51,153.7,29.41,22.27,17.66,17.83,63.79,0.0,196.58,49.19,80.71,39.54,19.48,3896.86,2787.37,15.49,14.32,10.45
hsa-miR-20a-5p,2.29,0.0,8.76,0.0,9.08,0.0,0.0,0.0,0.0,0.0,0.0,0.0,0.0,10.93,8.97,14.83,6.96,16.14,3.2,5.63,6.37,3.48
hsa-miR-20b-5p,2.29,0.0,4.38,0.0,0.0,0.0,0.0,7.42,0.0,17.83,0.0,0.0,0.0,5.47,0.0,3.3,1.39,0.7,3.2,1.41,0.0,0.0
hsa-miR-21-3p,9.15,2.25,8.76,37.35,0.0,13.97,0.0,7.42,0.0,0.0,31.89,0.0,98.29,21.86,13.45,8.24,2.78,175.44,466.69,1.41,1.59,1.16
hsa-miR-21-5p,1759.58,263.8,1888.02,946.31,1290.02,1746.55,757.26,831.5,476.95,499.24,908.97,163.97,511.11,1664.21,1564.9,1428.56,722.26,10108.82,16260.71,371.8,186.19,313.63
hsa-miR-210-3p,4.58,0.0,0.0,0.0,0.0,0.0,0.0,0.0,0.0,0.0,0.0,0.0,0.0,2.73,4.48,1.65,1.39,58.25,25.57,0.0,0.0,0.0
hsa-miR-2110,2.29,0.0,0.0,0.0,0.0,0.0,0.0,0.0,0.0,0.0,0.0,0.0,0.0,0.0,0.0,0.0,0.0,0.0,0.0,0.0,0.0,0.0
hsa-miR-2115-3p,0.0,0.0,0.0,0.0,0.0,0.0,0.0,0.0,0.0,0.0,0.0,0.0,0.0,0.0,4.48,0.0,0.0,2.11,15.98,0.0,0.0,0.0
hsa-miR-2115-5p,0.0,0.0,0.0,0.0,0.0,0.0,0.0,0.0,0.0,0.0,0.0,0.0,0.0,0.0,0.0,0.0,0.0,0.7,0.0,0.0,0.0,0.0
hsa-miR-2116-3p,0.0,0.0,0.0,0.0,0.0,0.0,0.0,0.0,0.0,0.0,0.0,40.99,0.0,0.0,0.0,0.0,0.0,0.0,0.0,0.0,0.0,0.0
hsa-miR-2116-5p,2.29,0.0,0.0,0.0,0.0,0.0,0.0,0.0,0.0,0.0,0.0,0.0,0.0,0.0,0.0,0.0,0.0,0.0,0.0,0.0,0.0,0.0
hsa-miR-215-5p,0.0,0.0,0.0,0.0,0.0,0.0,0.0,0.0,0.0,0.0,0.0,0.0,0.0,0.0,0.0,0.0,0.0,1.4,0.0,0.0,0.0,1.16
hsa-miR-216b-5p,0.0,0.0,0.0,0.0,0.0,0.0,0.0,0.0,0.0,0.0,0.0,0.0,0.0,0.0,0.0,0.0,0.0,0.7,0.0,0.0,0.0,0.0
hsa-miR-218-1-3p,0.0,0.0,0.0,0.0,0.0,0.0,0.0,0.0,0.0,0.0,0.0,0.0,0.0,5.47,0.0,0.0,4.17,2.81,6.39,0.0,1.59,2.32
hsa-miR-218-5p,0.0,0.0,0.0,0.0,0.0,0.0,0.0,0.0,0.0,0.0,0.0,40.99,0.0,0.0,0.0,0.0,0.0,2.11,0.0,0.0,0.0,0.0
hsa-miR-219a-2-3p,0.0,0.0,0.0,0.0,0.0,0.0,0.0,0.0,0.0,0.0,0.0,81.99,0.0,0.0,0.0,0.0,0.0,0.0,0.0,0.0,0.0,0.0
hsa-miR-219a-5p,0.0,0.0,0.0,0.0,0.0,0.0,0.0,0.0,0.0,0.0,0.0,40.99,0.0,0.0,0.0,0.0,0.0,0.0,0.0,0.0,0.0,0.0
hsa-miR-22-3p,828.31,329.19,1717.18,1220.24,1607.98,2221.62,1242.49,631.05,883.24,142.64,845.19,614.91,1867.51,2262.67,1058.22,2212.87,1942.73,8778.99,8918.3,952.04,335.77,926.96
hsa-miR-22-5p,0.0,0.0,0.0,0.0,0.0,0.0,0.0,0.0,0.0,0.0,0.0,0.0,0.0,0.0,0.0,0.0,0.0,3.51,3.2,0.0,0.0,0.0
hsa-miR-221-3p,116.69,51.86,48.19,74.71,263.45,146.71,51.46,59.39,211.98,53.49,127.58,81.99,78.63,60.12,215.23,42.84,79.32,1395.8,546.61,39.43,82.75,19.75
hsa-miR-221-5p,0.0,0.0,0.0,12.45,9.08,0.0,7.35,0.0,0.0,0.0,0.0,0.0,0.0,0.0,0.0,3.3,2.78,21.05,15.98,4.23,0.0,1.16
hsa-miR-222-3p,36.61,51.86,43.81,149.42,118.1,104.79,132.34,81.67,176.65,35.66,95.68,204.97,216.24,210.42,94.16,210.91,217.1,373.34,284.49,109.85,22.28,48.79
hsa-miR-223-3p,750.51,0.0,21.9,0.0,18.17,48.9,7.35,0.0,0.0,0.0,15.95,0.0,609.4,8.2,278.01,0.0,4.17,734.74,2017.01,0.0,28.64,2.32
hsa-miR-223-5p,0.0,0.0,0.0,0.0,0.0,0.0,0.0,0.0,0.0,0.0,15.95,0.0,19.66,0.0,71.74,0.0,0.0,7.02,121.47,0.0,3.18,1.16
hsa-miR-224-3p,0.0,0.0,0.0,0.0,0.0,0.0,0.0,0.0,0.0,0.0,0.0,0.0,0.0,0.0,0.0,0.0,0.0,2.11,3.2,0.0,0.0,0.0
hsa-miR-224-5p,6.86,4.51,0.0,12.45,0.0,13.97,7.35,7.42,0.0,0.0,0.0,0.0,19.66,2.73,4.48,1.65,6.96,100.35,47.95,1.41,1.59,3.48
hsa-miR-2277-3p,0.0,0.0,0.0,0.0,0.0,0.0,0.0,0.0,0.0,0.0,0.0,0.0,0.0,0.0,0.0,0.0,0.0,0.0,3.2,0.0,0.0,0.0
hsa-miR-2355-3p,0.0,0.0,0.0,0.0,0.0,0.0,0.0,0.0,0.0,0.0,0.0,0.0,0.0,0.0,0.0,1.65,0.0,0.0,0.0,0.0,0.0,0.0
hsa-miR-2355-5p,0.0,0.0,0.0,0.0,0.0,0.0,0.0,0.0,0.0,0.0,0.0,0.0,0.0,0.0,0.0,0.0,0.0,0.7,0.0,0.0,0.0,0.0
hsa-miR-23a-3p,84.66,45.09,262.83,49.81,72.68,181.64,147.04,37.12,17.66,89.15,79.73,40.99,491.45,122.97,49.32,85.68,75.15,303.16,380.39,36.62,36.6,91.77
hsa-miR-23b-3p,29.75,117.25,192.74,0.0,127.18,118.77,147.04,7.42,35.33,71.32,15.95,0.0,39.32,60.12,26.9,161.48,172.56,173.33,102.29,52.11,28.64,112.68
hsa-miR-23b-5p,0.0,0.0,0.0,0.0,0.0,0.0,0.0,0.0,0.0,0.0,0.0,0.0,0.0,0.0,0.0,0.0,0.0,0.0,3.2,0.0,0.0,0.0
hsa-miR-23c,0.0,0.0,0.0,0.0,0.0,0.0,0.0,0.0,0.0,0.0,0.0,0.0,0.0,0.0,0.0,0.0,0.0,0.0,3.2,0.0,0.0,0.0
hsa-miR-24-1-5p,0.0,0.0,0.0,0.0,0.0,0.0,0.0,0.0,0.0,0.0,0.0,0.0,0.0,2.73,0.0,0.0,0.0,0.0,0.0,0.0,0.0,0.0
hsa-miR-24-2-5p,0.0,0.0,0.0,0.0,0.0,0.0,0.0,0.0,0.0,0.0,0.0,0.0,0.0,2.73,0.0,1.65,2.78,1.4,0.0,0.0,0.0,0.0
hsa-miR-24-3p,27.46,2.25,8.76,0.0,0.0,20.96,22.06,7.42,0.0,0.0,0.0,0.0,0.0,2.73,22.42,14.83,8.35,98.95,63.93,2.82,0.0,4.65
hsa-miR-2467-5p,0.0,0.0,0.0,0.0,0.0,0.0,0.0,0.0,0.0,0.0,0.0,0.0,0.0,0.0,0.0,0.0,0.0,0.0,3.2,0.0,0.0,0.0
hsa-miR-25-3p,59.49,11.27,61.33,37.35,99.93,83.83,58.82,29.7,88.32,71.32,0.0,0.0,196.58,76.52,264.55,95.57,64.02,284.21,1099.6,28.17,33.42,33.69
hsa-miR-25-5p,0.0,0.0,0.0,0.0,0.0,0.0,0.0,0.0,0.0,0.0,0.0,0.0,19.66,2.73,0.0,0.0,0.0,1.4,0.0,1.41,0.0,0.0
hsa-miR-26a-1-3p,4.58,0.0,0.0,0.0,0.0,0.0,0.0,0.0,0.0,0.0,0.0,0.0,0.0,0.0,0.0,0.0,0.0,1.4,0.0,0.0,0.0,0.0
hsa-miR-26a-2-3p,0.0,0.0,0.0,0.0,0.0,0.0,0.0,0.0,0.0,0.0,0.0,0.0,0.0,0.0,0.0,1.65,0.0,0.0,3.2,1.41,0.0,0.0
hsa-miR-26a-5p,1901.44,2042.78,3640.25,2340.87,1898.69,3772.56,4131.84,1314.07,2455.4,1337.26,3109.65,3320.49,1317.08,4487.07,1331.74,7833.19,5921.44,4670.9,4328.09,2896.97,887.96,3883.24
hsa-miR-26b-3p,0.0,0.0,4.38,0.0,0.0,6.99,7.35,0.0,0.0,0.0,0.0,0.0,0.0,2.73,4.48,4.94,1.39,3.51,0.0,0.0,0.0,0.0
hsa-miR-26b-5p,455.34,245.77,381.11,99.61,290.71,244.52,235.26,200.45,441.62,338.77,446.51,163.97,255.55,327.92,551.53,851.86,310.34,938.95,821.51,157.73,97.07,236.97
hsa-miR-27a-3p,20.59,6.76,30.66,24.9,72.68,118.77,58.82,37.12,0.0,0.0,15.95,0.0,98.29,51.92,85.2,32.95,27.83,785.27,278.1,5.63,7.96,4.65
hsa-miR-27a-5p,0.0,0.0,0.0,0.0,0.0,0.0,0.0,0.0,0.0,0.0,0.0,0.0,0.0,0.0,0.0,1.65,0.0,0.7,3.2,0.0,0.0,0.0
hsa-miR-27b-3p,1587.97,604.27,1528.82,722.18,917.55,2005.04,1007.23,341.51,547.61,213.96,558.14,655.9,1100.85,1442.86,1201.7,2179.91,2268.38,12416.9,9851.68,923.87,533.09,1087.26
hsa-miR-27b-5p,0.0,2.25,4.38,0.0,0.0,0.0,0.0,0.0,0.0,0.0,0.0,0.0,0.0,2.73,4.48,9.89,8.35,12.63,6.39,4.23,0.0,2.32
hsa-miR-28-3p,164.75,105.97,289.12,99.61,181.69,244.52,345.55,148.48,70.66,35.66,255.15,81.99,235.9,562.93,443.91,655.79,418.88,171.23,591.36,249.28,47.74,189.34
hsa-miR-28-5p,16.02,6.76,21.9,0.0,0.0,6.99,0.0,7.42,17.66,17.83,15.95,0.0,0.0,24.59,0.0,16.48,9.74,8.42,3.2,7.04,0.0,8.13
hsa-miR-296-5p,2.29,0.0,0.0,0.0,0.0,0.0,0.0,0.0,0.0,0.0,0.0,0.0,0.0,0.0,0.0,0.0,0.0,0.0,0.0,0.0,0.0,0.0
hsa-miR-29a-3p,41.19,13.53,65.71,12.45,36.34,76.85,44.11,44.54,17.66,35.66,31.89,40.99,0.0,32.79,35.87,105.45,57.06,183.86,76.72,23.94,14.32,40.66
hsa-miR-29a-5p,0.0,0.0,0.0,0.0,0.0,0.0,0.0,0.0,0.0,0.0,0.0,0.0,0.0,0.0,0.0,0.0,0.0,0.0,0.0,0.0,1.59,0.0
hsa-miR-29b-1-5p,0.0,0.0,0.0,0.0,0.0,0.0,0.0,0.0,0.0,0.0,0.0,0.0,0.0,0.0,0.0,0.0,0.0,0.7,0.0,0.0,0.0,0.0
hsa-miR-29b-2-5p,0.0,0.0,0.0,0.0,0.0,0.0,0.0,0.0,0.0,0.0,0.0,0.0,0.0,0.0,0.0,0.0,0.0,0.0,0.0,0.0,0.0,1.16
hsa-miR-29b-3p,9.15,2.25,4.38,12.45,0.0,0.0,0.0,0.0,0.0,0.0,0.0,0.0,19.66,2.73,4.48,8.24,2.78,7.02,0.0,2.82,4.77,2.32
hsa-miR-29c-3p,16.02,9.02,21.9,12.45,0.0,6.99,0.0,7.42,17.66,0.0,15.95,0.0,0.0,16.4,4.48,23.07,15.31,45.61,12.79,8.45,6.37,8.13
hsa-miR-29c-5p,9.15,6.76,4.38,0.0,0.0,6.99,7.35,0.0,0.0,0.0,0.0,0.0,0.0,2.73,0.0,6.59,2.78,3.51,3.2,1.41,0.0,2.32
hsa-miR-301a-3p,6.86,2.25,4.38,12.45,9.08,20.96,0.0,0.0,0.0,0.0,0.0,0.0,0.0,13.66,4.48,8.24,9.74,5.61,9.59,4.23,3.18,9.29
hsa-miR-301b-3p,0.0,0.0,0.0,0.0,0.0,0.0,0.0,0.0,0.0,0.0,0.0,0.0,0.0,0.0,0.0,1.65,0.0,0.0,3.2,0.0,0.0,0.0
hsa-miR-3065-3p,0.0,0.0,0.0,0.0,0.0,0.0,0.0,0.0,0.0,0.0,0.0,0.0,0.0,2.73,0.0,1.65,0.0,12.63,0.0,0.0,0.0,0.0
hsa-miR-3065-5p,11.44,0.0,4.38,0.0,0.0,0.0,0.0,0.0,0.0,0.0,0.0,0.0,0.0,0.0,0.0,1.65,1.39,4.21,3.2,0.0,0.0,1.16
hsa-miR-30a-3p,640.68,685.44,227.79,236.58,236.2,440.13,419.07,89.09,176.65,267.45,287.04,40.99,58.97,434.5,318.36,942.49,775.15,625.27,738.4,357.72,251.43,594.74
hsa-miR-30a-5p,5818.73,3566.98,6207.26,3187.57,4787.6,6252.66,7521.12,1789.21,4981.45,2567.53,3635.9,1762.73,1769.22,5582.88,3416.78,11963.98,12445.46,21609.93,11405.19,5239.05,4026.06,5672.12
hsa-miR-30b-3p,0.0,0.0,0.0,0.0,0.0,0.0,0.0,0.0,0.0,0.0,0.0,0.0,0.0,0.0,0.0,1.65,1.39,0.7,0.0,0.0,0.0,0.0
hsa-miR-30b-5p,157.88,218.71,192.74,37.35,163.52,90.82,102.93,14.85,229.64,89.15,63.79,40.99,98.29,92.91,13.45,337.78,286.68,162.11,281.29,114.08,98.66,176.56
hsa-miR-30c-1-3p,0.0,0.0,0.0,0.0,0.0,0.0,0.0,0.0,0.0,0.0,15.95,0.0,0.0,0.0,0.0,4.94,5.57,4.91,3.2,0.0,0.0,1.16
hsa-miR-30c-2-3p,20.59,22.55,17.52,24.9,0.0,13.97,14.7,7.42,17.66,17.83,47.84,81.99,0.0,27.33,8.97,34.6,36.18,32.98,15.98,26.76,1.59,29.04
hsa-miR-30c-5p,878.64,604.27,919.92,572.77,545.08,1194.64,1588.04,475.14,547.61,392.26,366.78,655.9,845.29,970.1,170.39,1995.37,1703.37,361.41,1211.48,633.76,391.47,890.95
hsa-miR-30d-3p,2.29,4.51,4.38,0.0,0.0,13.97,0.0,0.0,0.0,0.0,0.0,0.0,0.0,8.2,4.48,9.89,6.96,11.93,19.18,0.0,1.59,0.0
hsa-miR-30d-5p,974.75,892.87,1209.04,871.6,1162.83,1648.75,1970.34,727.56,1165.87,677.54,685.72,1065.84,1061.53,1524.84,717.43,3076.26,3093.62,2840.72,3273.24,1311.17,682.68,1268.47
hsa-miR-30e-3p,116.69,83.42,78.85,49.81,9.08,83.83,58.82,22.27,70.66,0.0,15.95,0.0,19.66,101.11,22.42,169.71,164.21,90.53,278.1,54.93,66.84,91.77
hsa-miR-30e-5p,283.73,144.3,446.82,174.32,372.47,475.06,249.97,170.75,211.98,106.98,111.63,122.98,314.53,423.57,421.49,672.26,539.96,1899.66,3650.43,260.54,179.82,213.74
hsa-miR-31-3p,0.0,0.0,0.0,0.0,0.0,13.97,0.0,0.0,0.0,0.0,0.0,0.0,0.0,0.0,0.0,0.0,1.39,1.4,0.0,0.0,0.0,0.0
hsa-miR-31-5p,27.46,11.27,13.14,37.35,9.08,34.93,29.41,29.7,17.66,17.83,15.95,0.0,0.0,49.19,31.39,11.53,19.48,116.49,83.11,15.49,1.59,9.29
hsa-miR-3127-5p,2.29,0.0,0.0,0.0,0.0,0.0,0.0,0.0,0.0,0.0,0.0,0.0,0.0,0.0,0.0,0.0,0.0,0.0,0.0,0.0,0.0,1.16
hsa-miR-3131,0.0,0.0,0.0,0.0,0.0,0.0,0.0,0.0,0.0,0.0,0.0,0.0,0.0,0.0,0.0,0.0,1.39,0.0,0.0,0.0,0.0,0.0
hsa-miR-3139,0.0,0.0,0.0,0.0,0.0,0.0,0.0,0.0,0.0,0.0,0.0,0.0,0.0,0.0,0.0,0.0,0.0,0.0,3.2,0.0,0.0,0.0
hsa-miR-3150b-3p,0.0,0.0,0.0,0.0,0.0,0.0,0.0,0.0,0.0,0.0,0.0,0.0,0.0,0.0,0.0,0.0,0.0,0.7,0.0,0.0,0.0,0.0
hsa-miR-3157-5p,0.0,0.0,0.0,0.0,0.0,0.0,0.0,0.0,0.0,0.0,0.0,0.0,0.0,0.0,0.0,0.0,0.0,0.7,0.0,0.0,0.0,0.0
hsa-miR-3158-3p,0.0,0.0,0.0,0.0,0.0,0.0,0.0,0.0,0.0,0.0,0.0,0.0,0.0,0.0,0.0,0.0,0.0,0.0,0.0,0.0,1.59,0.0
hsa-miR-3180,0.0,0.0,0.0,0.0,0.0,0.0,0.0,0.0,0.0,0.0,0.0,40.99,0.0,0.0,0.0,0.0,0.0,0.0,0.0,0.0,0.0,0.0
hsa-miR-3196,0.0,0.0,0.0,0.0,0.0,0.0,0.0,0.0,0.0,0.0,0.0,0.0,0.0,0.0,0.0,0.0,0.0,0.7,0.0,0.0,0.0,0.0
hsa-miR-32-3p,0.0,0.0,0.0,0.0,0.0,0.0,0.0,0.0,0.0,0.0,0.0,0.0,0.0,0.0,0.0,0.0,0.0,0.0,3.2,0.0,0.0,0.0
hsa-miR-32-5p,0.0,0.0,8.76,0.0,9.08,0.0,0.0,0.0,0.0,0.0,0.0,0.0,0.0,5.47,0.0,0.0,2.78,2.81,6.39,0.0,0.0,1.16
hsa-miR-3200-3p,0.0,0.0,0.0,0.0,0.0,0.0,0.0,0.0,0.0,0.0,0.0,0.0,0.0,0.0,0.0,1.65,0.0,0.0,0.0,0.0,0.0,0.0
hsa-miR-320a-3p,29.75,29.31,43.81,99.61,163.52,167.67,154.39,111.36,229.64,35.66,223.26,0.0,98.29,62.85,98.65,70.85,82.11,171.23,204.58,25.35,9.55,41.82
hsa-miR-320b,0.0,6.76,0.0,49.81,9.08,27.94,29.41,7.42,0.0,17.83,0.0,40.99,0.0,30.06,121.07,6.59,0.0,24.56,63.93,0.0,1.59,0.0
hsa-miR-320c,0.0,0.0,0.0,0.0,0.0,6.99,0.0,0.0,0.0,0.0,0.0,0.0,0.0,0.0,0.0,0.0,1.39,0.0,0.0,1.41,0.0,0.0
hsa-miR-320d,2.29,0.0,4.38,0.0,0.0,0.0,0.0,0.0,0.0,0.0,0.0,0.0,0.0,0.0,0.0,0.0,0.0,0.0,6.39,0.0,0.0,0.0
hsa-miR-324-3p,0.0,0.0,0.0,0.0,0.0,0.0,0.0,0.0,0.0,0.0,0.0,0.0,0.0,0.0,0.0,0.0,0.0,1.4,0.0,0.0,0.0,0.0
hsa-miR-324-5p,6.86,0.0,4.38,0.0,0.0,0.0,0.0,0.0,0.0,0.0,0.0,0.0,0.0,0.0,0.0,3.3,0.0,4.21,9.59,0.0,0.0,0.0
hsa-miR-328-3p,4.58,4.51,0.0,0.0,0.0,0.0,7.35,0.0,0.0,0.0,0.0,0.0,0.0,2.73,0.0,3.3,1.39,0.0,3.2,0.0,0.0,0.0
hsa-miR-328-5p,0.0,0.0,0.0,0.0,0.0,0.0,0.0,0.0,0.0,0.0,0.0,0.0,0.0,0.0,0.0,0.0,0.0,0.7,0.0,0.0,0.0,0.0
hsa-miR-330-3p,0.0,0.0,0.0,0.0,0.0,0.0,0.0,0.0,0.0,0.0,0.0,0.0,0.0,0.0,0.0,1.65,0.0,0.7,0.0,0.0,0.0,2.32
hsa-miR-330-5p,0.0,0.0,0.0,0.0,0.0,0.0,0.0,0.0,0.0,0.0,0.0,40.99,0.0,0.0,0.0,1.65,0.0,0.0,0.0,0.0,0.0,0.0
hsa-miR-331-3p,0.0,2.25,4.38,0.0,0.0,0.0,0.0,0.0,0.0,0.0,0.0,0.0,0.0,0.0,0.0,0.0,1.39,0.7,0.0,0.0,0.0,0.0
hsa-miR-335-3p,2.29,0.0,0.0,0.0,0.0,0.0,0.0,0.0,0.0,0.0,0.0,0.0,0.0,2.73,0.0,8.24,2.78,2.11,3.2,1.41,1.59,0.0
hsa-miR-335-5p,36.61,13.53,17.52,37.35,81.76,132.74,161.74,22.27,70.66,17.83,95.68,81.99,19.66,32.79,22.42,62.61,36.18,53.33,102.29,4.23,3.18,32.52
hsa-miR-338-3p,0.0,2.25,4.38,0.0,0.0,6.99,0.0,7.42,0.0,0.0,0.0,0.0,0.0,2.73,4.48,3.3,0.0,6.32,9.59,0.0,1.59,0.0
hsa-miR-338-5p,0.0,0.0,0.0,0.0,0.0,0.0,0.0,0.0,0.0,0.0,0.0,0.0,19.66,0.0,13.45,0.0,0.0,0.0,9.59,0.0,0.0,0.0
hsa-miR-339-3p,2.29,0.0,8.76,0.0,0.0,0.0,0.0,0.0,0.0,0.0,0.0,40.99,0.0,2.73,0.0,0.0,0.0,4.21,15.98,0.0,0.0,4.65
hsa-miR-339-5p,0.0,0.0,0.0,12.45,0.0,0.0,0.0,0.0,0.0,0.0,0.0,0.0,0.0,0.0,0.0,0.0,0.0,2.11,0.0,0.0,0.0,1.16
hsa-miR-33a-5p,0.0,0.0,0.0,0.0,0.0,0.0,0.0,0.0,0.0,0.0,0.0,0.0,0.0,0.0,0.0,0.0,0.0,0.7,0.0,0.0,0.0,0.0
hsa-miR-33b-5p,0.0,0.0,0.0,0.0,0.0,0.0,0.0,0.0,0.0,0.0,0.0,0.0,0.0,0.0,0.0,0.0,0.0,0.7,0.0,0.0,0.0,0.0
hsa-miR-340-3p,2.29,0.0,0.0,0.0,0.0,0.0,0.0,7.42,0.0,0.0,0.0,0.0,0.0,0.0,4.48,3.3,2.78,0.0,0.0,2.82,0.0,2.32
hsa-miR-340-5p,4.58,4.51,13.14,0.0,9.08,6.99,0.0,0.0,0.0,0.0,0.0,0.0,0.0,16.4,62.78,19.77,11.13,40.0,191.79,5.63,7.96,5.81
hsa-miR-342-3p,9.15,15.78,17.52,0.0,0.0,13.97,36.76,0.0,35.33,17.83,31.89,81.99,78.63,35.52,17.94,39.54,20.87,18.25,57.54,7.04,20.69,13.94
hsa-miR-342-5p,0.0,0.0,0.0,12.45,0.0,0.0,0.0,0.0,0.0,0.0,0.0,0.0,0.0,2.73,0.0,1.65,2.78,2.11,6.39,0.0,0.0,1.16
hsa-miR-345-5p,6.86,2.25,13.14,12.45,27.25,0.0,14.7,0.0,0.0,0.0,0.0,0.0,0.0,10.93,0.0,6.59,12.52,35.79,35.16,5.63,1.59,6.97
hsa-miR-34a-5p,4.58,2.25,0.0,0.0,0.0,0.0,0.0,0.0,0.0,0.0,0.0,0.0,0.0,0.0,0.0,1.65,0.0,37.19,22.38,1.41,0.0,0.0
hsa-miR-34c-3p,0.0,0.0,0.0,0.0,0.0,0.0,0.0,0.0,0.0,0.0,0.0,0.0,0.0,0.0,0.0,0.0,1.39,0.0,0.0,0.0,0.0,0.0
hsa-miR-34c-5p,0.0,0.0,0.0,0.0,9.08,0.0,0.0,0.0,0.0,0.0,0.0,0.0,0.0,0.0,0.0,0.0,0.0,1.4,0.0,0.0,0.0,0.0
hsa-miR-3605-3p,0.0,0.0,0.0,0.0,0.0,0.0,0.0,0.0,0.0,0.0,15.95,0.0,0.0,0.0,4.48,0.0,0.0,0.0,0.0,0.0,0.0,0.0
hsa-miR-3605-5p,0.0,0.0,4.38,0.0,0.0,0.0,0.0,0.0,0.0,0.0,0.0,0.0,0.0,0.0,0.0,3.3,0.0,0.0,0.0,0.0,0.0,2.32
hsa-miR-361-3p,0.0,0.0,4.38,0.0,0.0,6.99,7.35,0.0,0.0,0.0,0.0,40.99,0.0,2.73,8.97,1.65,6.96,1.4,12.79,1.41,0.0,3.48
hsa-miR-361-5p,6.86,2.25,8.76,0.0,27.25,27.94,7.35,14.85,17.66,17.83,0.0,0.0,39.32,8.2,13.45,36.25,30.62,35.09,25.57,7.04,9.55,12.78
hsa-miR-3613-3p,0.0,0.0,0.0,0.0,0.0,0.0,0.0,0.0,0.0,0.0,0.0,0.0,0.0,2.73,8.97,0.0,0.0,0.0,12.79,0.0,0.0,0.0
hsa-miR-3613-5p,0.0,0.0,0.0,0.0,0.0,0.0,0.0,0.0,0.0,0.0,0.0,0.0,0.0,0.0,0.0,0.0,0.0,2.11,0.0,0.0,0.0,0.0
hsa-miR-3614-5p,0.0,0.0,0.0,0.0,0.0,0.0,0.0,0.0,0.0,0.0,0.0,0.0,0.0,0.0,0.0,0.0,0.0,0.7,6.39,0.0,0.0,0.0
hsa-miR-3615,2.29,0.0,0.0,0.0,0.0,0.0,0.0,0.0,0.0,0.0,0.0,0.0,0.0,0.0,4.48,0.0,1.39,0.7,9.59,0.0,0.0,0.0
hsa-miR-362-3p,0.0,0.0,0.0,0.0,0.0,0.0,0.0,0.0,0.0,0.0,0.0,0.0,0.0,2.73,0.0,0.0,0.0,4.21,0.0,0.0,0.0,0.0
hsa-miR-362-5p,0.0,2.25,0.0,0.0,0.0,0.0,0.0,0.0,0.0,0.0,0.0,0.0,0.0,0.0,0.0,0.0,0.0,3.51,0.0,0.0,3.18,1.16
hsa-miR-363-3p,18.31,11.27,100.75,24.9,0.0,27.94,22.06,14.85,0.0,35.66,0.0,0.0,19.66,92.91,22.42,255.39,52.88,59.65,22.38,21.13,27.05,30.2
hsa-miR-3648,59.49,87.93,0.0,0.0,9.08,0.0,0.0,0.0,0.0,0.0,15.95,0.0,0.0,0.0,0.0,3.3,1.39,33.68,0.0,43.66,140.04,38.33
hsa-miR-365a-3p,6.86,0.0,4.38,0.0,0.0,0.0,7.35,0.0,0.0,0.0,0.0,0.0,0.0,2.73,0.0,0.0,1.39,0.0,0.0,1.41,3.18,0.0
hsa-miR-365b-3p,2.29,0.0,4.38,0.0,0.0,0.0,0.0,7.42,0.0,0.0,0.0,0.0,0.0,0.0,0.0,4.94,0.0,0.0,3.2,1.41,0.0,1.16
hsa-miR-3661,0.0,0.0,0.0,0.0,0.0,0.0,0.0,0.0,0.0,0.0,0.0,0.0,0.0,0.0,0.0,0.0,0.0,0.7,0.0,0.0,0.0,0.0
hsa-miR-3665,4.58,2.25,0.0,0.0,54.51,13.97,0.0,0.0,0.0,0.0,0.0,0.0,19.66,2.73,0.0,0.0,5.57,21.05,0.0,2.82,0.0,3.48
hsa-miR-3675-5p,0.0,0.0,0.0,0.0,0.0,0.0,0.0,0.0,0.0,0.0,0.0,0.0,0.0,0.0,0.0,0.0,0.0,0.7,0.0,0.0,0.0,0.0
hsa-miR-369-5p,0.0,0.0,0.0,0.0,0.0,0.0,0.0,0.0,0.0,0.0,0.0,0.0,19.66,0.0,0.0,0.0,0.0,0.0,0.0,0.0,0.0,0.0
hsa-miR-3692-5p,0.0,0.0,0.0,0.0,0.0,0.0,7.35,0.0,0.0,0.0,0.0,0.0,0.0,0.0,0.0,0.0,0.0,0.0,0.0,0.0,0.0,0.0
hsa-miR-371b-5p,0.0,0.0,0.0,0.0,0.0,0.0,0.0,0.0,0.0,0.0,0.0,0.0,0.0,0.0,4.48,0.0,0.0,0.7,9.59,0.0,0.0,0.0
hsa-miR-374a-3p,2.29,4.51,0.0,0.0,0.0,0.0,7.35,0.0,0.0,0.0,0.0,0.0,0.0,2.73,0.0,8.24,5.57,4.91,12.79,1.41,1.59,1.16
hsa-miR-374a-5p,6.86,2.25,13.14,12.45,0.0,6.99,7.35,7.42,0.0,17.83,0.0,0.0,19.66,8.2,4.48,9.89,15.31,17.54,6.39,1.41,3.18,3.48
hsa-miR-374b-5p,0.0,0.0,4.38,0.0,9.08,6.99,0.0,0.0,0.0,0.0,15.95,0.0,19.66,8.2,0.0,6.59,2.78,0.0,3.2,0.0,4.77,2.32
hsa-miR-375-3p,43.47,36.08,661.47,74.71,45.42,90.82,117.63,170.75,17.66,71.32,95.68,163.97,570.08,1284.36,139.0,2051.39,232.4,872.28,629.71,357.72,20.69,219.54
hsa-miR-378a-3p,130.42,18.04,91.99,0.0,54.51,174.66,66.17,37.12,17.66,17.83,47.84,0.0,58.97,68.32,107.62,95.57,107.16,702.46,751.18,81.68,35.01,52.27
hsa-miR-378a-5p,0.0,0.0,0.0,0.0,0.0,0.0,0.0,0.0,0.0,0.0,0.0,0.0,0.0,0.0,4.48,0.0,0.0,3.51,0.0,1.41,1.59,0.0
hsa-miR-378c,0.0,2.25,0.0,0.0,0.0,0.0,0.0,0.0,0.0,0.0,0.0,0.0,0.0,2.73,4.48,0.0,0.0,14.74,12.79,0.0,0.0,0.0
hsa-miR-378d,0.0,0.0,0.0,0.0,0.0,0.0,0.0,0.0,0.0,0.0,0.0,0.0,0.0,0.0,0.0,0.0,0.0,0.7,0.0,0.0,0.0,0.0
hsa-miR-378e,0.0,0.0,0.0,0.0,0.0,0.0,0.0,0.0,0.0,0.0,0.0,0.0,0.0,0.0,4.48,0.0,0.0,0.0,3.2,0.0,0.0,0.0
hsa-miR-378i,2.29,0.0,0.0,0.0,0.0,0.0,0.0,0.0,0.0,0.0,0.0,0.0,0.0,0.0,0.0,0.0,0.0,0.0,0.0,0.0,0.0,0.0
hsa-miR-382-5p,2.29,0.0,0.0,0.0,0.0,0.0,0.0,0.0,0.0,0.0,0.0,0.0,0.0,0.0,0.0,0.0,0.0,0.0,0.0,0.0,0.0,0.0
hsa-miR-3909,0.0,0.0,0.0,0.0,0.0,0.0,0.0,0.0,0.0,0.0,0.0,0.0,0.0,0.0,0.0,1.65,0.0,1.4,0.0,0.0,0.0,0.0
hsa-miR-3912-3p,0.0,0.0,0.0,0.0,0.0,0.0,0.0,0.0,0.0,0.0,0.0,0.0,0.0,0.0,0.0,0.0,1.39,0.0,6.39,0.0,0.0,0.0
hsa-miR-3913-5p,0.0,0.0,0.0,0.0,0.0,0.0,0.0,0.0,0.0,0.0,0.0,0.0,0.0,0.0,0.0,0.0,0.0,0.7,0.0,0.0,0.0,0.0
hsa-miR-3927-3p,0.0,0.0,0.0,0.0,0.0,0.0,0.0,0.0,0.0,0.0,0.0,0.0,0.0,0.0,0.0,0.0,0.0,0.7,0.0,0.0,0.0,0.0
hsa-miR-3934-5p,0.0,0.0,0.0,0.0,0.0,0.0,0.0,0.0,0.0,0.0,0.0,0.0,0.0,0.0,0.0,1.65,0.0,0.0,0.0,0.0,0.0,0.0
hsa-miR-3960,0.0,0.0,0.0,0.0,0.0,0.0,0.0,0.0,0.0,0.0,0.0,0.0,0.0,0.0,0.0,0.0,0.0,6.32,0.0,2.82,1.59,0.0
hsa-miR-409-3p,4.58,0.0,0.0,0.0,0.0,0.0,0.0,0.0,0.0,0.0,0.0,0.0,0.0,0.0,8.97,0.0,1.39,0.0,3.2,1.41,0.0,0.0
hsa-miR-410-3p,0.0,0.0,0.0,0.0,0.0,0.0,0.0,0.0,0.0,0.0,0.0,40.99,0.0,0.0,0.0,0.0,1.39,0.0,0.0,0.0,0.0,0.0
hsa-miR-411-5p,0.0,2.25,0.0,0.0,0.0,0.0,0.0,0.0,0.0,0.0,0.0,0.0,0.0,0.0,0.0,1.65,0.0,0.7,0.0,0.0,0.0,1.16
hsa-miR-421,16.02,4.51,17.52,12.45,0.0,34.93,22.06,14.85,17.66,0.0,0.0,40.99,19.66,13.66,22.42,16.48,19.48,29.47,73.52,5.63,6.37,19.75
hsa-miR-423-3p,48.05,0.0,4.38,49.81,27.25,0.0,0.0,0.0,35.33,0.0,0.0,122.98,176.92,13.66,107.62,197.72,6.96,203.51,290.88,7.04,11.14,2.32
hsa-miR-423-5p,11.44,153.32,70.09,448.25,136.27,0.0,117.63,81.67,88.32,53.49,63.79,450.93,1022.21,336.12,89.68,37.9,94.63,160.0,380.39,12.68,3.18,4.65
hsa-miR-424-3p,6.86,2.25,0.0,0.0,0.0,6.99,14.7,14.85,0.0,0.0,0.0,0.0,19.66,0.0,4.48,11.53,15.31,7.72,3.2,5.63,4.77,4.65
hsa-miR-424-5p,13.73,0.0,4.38,0.0,0.0,0.0,0.0,0.0,0.0,0.0,0.0,0.0,0.0,2.73,4.48,1.65,5.57,17.54,38.36,1.41,0.0,1.16
hsa-miR-425-3p,2.29,0.0,0.0,0.0,0.0,0.0,0.0,0.0,0.0,0.0,0.0,0.0,0.0,0.0,0.0,3.3,0.0,9.82,12.79,0.0,0.0,1.16
hsa-miR-425-5p,13.73,4.51,17.52,0.0,0.0,34.93,7.35,29.7,17.66,0.0,0.0,0.0,58.97,19.13,22.42,41.19,16.7,44.21,44.75,18.31,3.18,3.48
hsa-miR-4286,2.29,0.0,13.14,0.0,0.0,6.99,0.0,0.0,0.0,0.0,0.0,0.0,0.0,5.47,0.0,1.65,4.17,0.7,15.98,1.41,3.18,1.16
hsa-miR-429,114.41,42.84,140.18,161.87,154.44,188.63,154.39,96.51,141.32,35.66,111.63,81.99,78.63,158.5,53.81,252.1,157.26,501.06,166.22,52.11,19.1,51.11
hsa-miR-4306,0.0,0.0,0.0,0.0,0.0,0.0,0.0,0.0,0.0,0.0,0.0,0.0,0.0,0.0,4.48,0.0,0.0,0.0,0.0,0.0,0.0,0.0
hsa-miR-432-5p,0.0,0.0,0.0,0.0,0.0,0.0,0.0,0.0,0.0,0.0,0.0,0.0,0.0,0.0,0.0,1.65,0.0,0.0,0.0,0.0,1.59,0.0
hsa-miR-4326,0.0,0.0,0.0,0.0,0.0,0.0,0.0,0.0,0.0,0.0,0.0,0.0,0.0,0.0,0.0,0.0,0.0,0.7,0.0,0.0,0.0,0.0
hsa-miR-4422,0.0,0.0,0.0,0.0,0.0,0.0,0.0,0.0,0.0,0.0,0.0,0.0,0.0,0.0,0.0,0.0,1.39,0.0,0.0,0.0,0.0,0.0
hsa-miR-4423-3p,0.0,0.0,0.0,0.0,0.0,0.0,7.35,0.0,0.0,0.0,0.0,0.0,0.0,0.0,0.0,0.0,0.0,0.0,0.0,0.0,0.0,0.0
hsa-miR-4446-3p,0.0,0.0,0.0,0.0,0.0,0.0,0.0,0.0,0.0,0.0,0.0,0.0,0.0,0.0,0.0,0.0,0.0,0.7,0.0,0.0,0.0,0.0
hsa-miR-4449,0.0,0.0,0.0,0.0,0.0,0.0,0.0,7.42,0.0,0.0,0.0,0.0,0.0,0.0,0.0,0.0,1.39,0.7,0.0,0.0,0.0,1.16
hsa-miR-4454,0.0,0.0,0.0,0.0,0.0,0.0,0.0,0.0,0.0,0.0,0.0,0.0,0.0,0.0,0.0,3.3,0.0,0.0,0.0,1.41,0.0,1.16
hsa-miR-4472,0.0,0.0,0.0,0.0,0.0,0.0,0.0,0.0,0.0,0.0,0.0,0.0,0.0,0.0,0.0,0.0,0.0,0.0,3.2,0.0,1.59,0.0
hsa-miR-4477b,0.0,0.0,0.0,0.0,0.0,0.0,0.0,0.0,0.0,0.0,0.0,0.0,0.0,0.0,0.0,0.0,0.0,0.0,3.2,0.0,0.0,0.0
hsa-miR-4484,0.0,0.0,0.0,0.0,0.0,0.0,0.0,0.0,0.0,0.0,0.0,0.0,0.0,0.0,0.0,0.0,0.0,0.7,0.0,0.0,0.0,0.0
hsa-miR-4485-3p,0.0,0.0,0.0,0.0,0.0,0.0,0.0,0.0,0.0,0.0,0.0,0.0,19.66,0.0,0.0,0.0,0.0,0.0,0.0,0.0,0.0,0.0
hsa-miR-4488,0.0,0.0,0.0,0.0,0.0,0.0,0.0,0.0,0.0,0.0,0.0,0.0,0.0,0.0,0.0,0.0,0.0,1.4,0.0,0.0,0.0,0.0
hsa-miR-449a,0.0,2.25,4.38,0.0,0.0,0.0,0.0,0.0,0.0,0.0,0.0,0.0,0.0,0.0,0.0,0.0,0.0,0.7,0.0,0.0,0.0,0.0
hsa-miR-449b-5p,0.0,0.0,0.0,0.0,0.0,0.0,0.0,0.0,0.0,0.0,0.0,0.0,0.0,0.0,0.0,0.0,0.0,0.7,0.0,0.0,0.0,0.0
hsa-miR-449c-5p,0.0,0.0,0.0,0.0,0.0,0.0,0.0,7.42,0.0,0.0,0.0,0.0,0.0,5.47,0.0,0.0,0.0,0.7,0.0,0.0,0.0,0.0
hsa-miR-4508,0.0,0.0,0.0,0.0,0.0,0.0,0.0,0.0,0.0,0.0,0.0,0.0,0.0,0.0,0.0,0.0,0.0,0.7,0.0,0.0,0.0,0.0
hsa-miR-450a-2-3p,0.0,0.0,0.0,0.0,0.0,0.0,0.0,0.0,0.0,0.0,0.0,0.0,0.0,0.0,0.0,0.0,0.0,0.7,0.0,0.0,0.0,0.0
hsa-miR-450a-5p,2.29,4.51,8.76,0.0,0.0,0.0,0.0,0.0,0.0,0.0,0.0,0.0,0.0,0.0,0.0,0.0,2.78,1.4,3.2,0.0,0.0,1.16
hsa-miR-450b-5p,0.0,0.0,0.0,0.0,18.17,0.0,7.35,7.42,0.0,0.0,0.0,0.0,0.0,0.0,0.0,4.94,6.96,8.42,38.36,1.41,1.59,2.32
hsa-miR-4511,0.0,0.0,0.0,0.0,0.0,0.0,0.0,0.0,0.0,0.0,0.0,0.0,0.0,0.0,0.0,0.0,0.0,0.7,0.0,0.0,0.0,0.0
hsa-miR-4516,0.0,0.0,0.0,0.0,9.08,0.0,0.0,0.0,0.0,0.0,0.0,0.0,0.0,2.73,0.0,0.0,0.0,85.61,0.0,0.0,1.59,2.32
hsa-miR-451a,0.0,0.0,0.0,0.0,0.0,48.9,0.0,0.0,0.0,0.0,0.0,0.0,0.0,8.2,0.0,1.65,38.97,0.0,0.0,0.0,0.0,2.32
hsa-miR-452-3p,0.0,0.0,0.0,0.0,0.0,0.0,0.0,0.0,0.0,0.0,0.0,0.0,0.0,0.0,0.0,1.65,1.39,3.51,0.0,0.0,0.0,0.0
hsa-miR-452-5p,2.29,0.0,0.0,0.0,0.0,0.0,0.0,0.0,0.0,0.0,0.0,0.0,19.66,2.73,0.0,1.65,0.0,11.93,3.2,0.0,1.59,0.0
hsa-miR-454-3p,6.86,2.25,0.0,0.0,9.08,6.99,7.35,0.0,17.66,17.83,0.0,0.0,0.0,5.47,8.97,3.3,11.13,8.42,22.38,0.0,1.59,3.48
hsa-miR-454-5p,0.0,0.0,0.0,0.0,0.0,0.0,0.0,0.0,0.0,0.0,0.0,0.0,0.0,0.0,0.0,4.94,0.0,0.7,0.0,0.0,0.0,0.0
hsa-miR-455-3p,0.0,0.0,4.38,0.0,0.0,0.0,0.0,0.0,0.0,0.0,0.0,0.0,0.0,2.73,0.0,4.94,1.39,2.11,0.0,2.82,0.0,1.16
hsa-miR-455-5p,0.0,0.0,4.38,0.0,0.0,0.0,0.0,0.0,0.0,0.0,0.0,0.0,0.0,0.0,0.0,1.65,1.39,2.81,3.2,2.82,0.0,1.16
hsa-miR-4640-3p,0.0,0.0,0.0,0.0,0.0,0.0,0.0,0.0,0.0,0.0,0.0,0.0,0.0,2.73,0.0,0.0,0.0,0.0,0.0,0.0,0.0,0.0
hsa-miR-4661-5p,0.0,0.0,0.0,0.0,0.0,0.0,0.0,0.0,0.0,0.0,0.0,0.0,0.0,0.0,0.0,1.65,0.0,0.0,0.0,0.0,0.0,0.0
hsa-miR-4662a-5p,0.0,6.76,4.38,0.0,0.0,0.0,0.0,0.0,0.0,0.0,0.0,0.0,0.0,0.0,0.0,4.94,0.0,7.02,0.0,2.82,0.0,0.0
hsa-miR-4666a-5p,0.0,0.0,0.0,0.0,0.0,0.0,0.0,0.0,0.0,0.0,0.0,0.0,0.0,0.0,0.0,1.65,0.0,0.0,0.0,0.0,0.0,0.0
hsa-miR-4671-3p,0.0,0.0,0.0,0.0,0.0,0.0,0.0,0.0,0.0,0.0,0.0,0.0,0.0,0.0,0.0,0.0,0.0,0.0,0.0,1.41,0.0,0.0
hsa-miR-4677-3p,0.0,0.0,0.0,0.0,0.0,0.0,0.0,0.0,0.0,0.0,0.0,0.0,0.0,0.0,0.0,1.65,0.0,0.7,12.79,0.0,0.0,0.0
hsa-miR-4728-3p,2.29,0.0,0.0,0.0,0.0,0.0,0.0,0.0,0.0,0.0,0.0,0.0,0.0,2.73,0.0,0.0,0.0,0.0,0.0,0.0,0.0,0.0
hsa-miR-4728-5p,0.0,0.0,0.0,0.0,0.0,0.0,0.0,0.0,0.0,0.0,0.0,0.0,0.0,0.0,0.0,0.0,0.0,0.0,0.0,0.0,0.0,1.16
hsa-miR-4732-3p,0.0,0.0,0.0,0.0,0.0,0.0,0.0,0.0,0.0,0.0,0.0,0.0,0.0,0.0,4.48,0.0,0.0,0.0,0.0,0.0,0.0,0.0
hsa-miR-4755-3p,0.0,0.0,0.0,12.45,0.0,0.0,0.0,0.0,0.0,0.0,0.0,0.0,0.0,0.0,0.0,0.0,0.0,0.0,0.0,0.0,0.0,0.0
hsa-miR-4757-3p,0.0,0.0,0.0,0.0,0.0,0.0,0.0,0.0,0.0,0.0,0.0,0.0,0.0,0.0,0.0,0.0,0.0,0.7,0.0,0.0,0.0,0.0
hsa-miR-4763-3p,0.0,0.0,0.0,0.0,0.0,0.0,0.0,0.0,0.0,0.0,0.0,0.0,0.0,0.0,0.0,0.0,0.0,0.0,0.0,1.41,0.0,0.0
hsa-miR-4768-5p,0.0,0.0,0.0,0.0,0.0,0.0,0.0,0.0,0.0,0.0,0.0,0.0,0.0,0.0,4.48,0.0,0.0,0.0,0.0,0.0,0.0,0.0
hsa-miR-4772-3p,0.0,0.0,0.0,0.0,0.0,0.0,0.0,0.0,0.0,0.0,0.0,0.0,0.0,0.0,0.0,0.0,0.0,0.7,0.0,0.0,0.0,0.0
hsa-miR-4772-5p,0.0,0.0,0.0,0.0,0.0,0.0,0.0,0.0,0.0,0.0,0.0,0.0,0.0,0.0,0.0,0.0,0.0,1.4,3.2,0.0,0.0,0.0
hsa-miR-4775,0.0,0.0,0.0,0.0,0.0,0.0,0.0,0.0,0.0,0.0,0.0,0.0,0.0,0.0,0.0,0.0,0.0,2.81,0.0,0.0,0.0,0.0
hsa-miR-4776-5p,0.0,0.0,0.0,0.0,0.0,0.0,0.0,0.0,0.0,0.0,0.0,0.0,0.0,2.73,0.0,0.0,0.0,0.0,0.0,0.0,0.0,0.0
hsa-miR-4781-3p,0.0,0.0,0.0,0.0,0.0,0.0,0.0,0.0,0.0,0.0,0.0,0.0,0.0,0.0,0.0,1.65,0.0,0.7,0.0,0.0,0.0,1.16
hsa-miR-4796-3p,0.0,0.0,0.0,0.0,0.0,0.0,0.0,0.0,0.0,0.0,0.0,0.0,0.0,2.73,0.0,0.0,0.0,0.7,0.0,0.0,0.0,0.0
hsa-miR-483-5p,0.0,0.0,0.0,0.0,0.0,0.0,0.0,0.0,0.0,0.0,0.0,0.0,0.0,0.0,8.97,0.0,0.0,0.0,0.0,0.0,0.0,0.0
hsa-miR-484,6.86,2.25,17.52,0.0,0.0,6.99,7.35,7.42,17.66,0.0,0.0,0.0,0.0,5.47,13.45,9.89,4.17,2.81,3.2,1.41,4.77,4.65
hsa-miR-486-3p,0.0,0.0,0.0,0.0,0.0,0.0,0.0,0.0,0.0,0.0,0.0,0.0,0.0,0.0,4.48,0.0,0.0,0.7,0.0,0.0,0.0,0.0
hsa-miR-486-5p,6.86,0.0,0.0,0.0,63.59,6.99,0.0,0.0,0.0,0.0,15.95,0.0,0.0,418.1,31.39,0.0,0.0,0.7,0.0,0.0,0.0,0.0
hsa-miR-489-3p,4.58,2.25,4.38,0.0,0.0,0.0,7.35,0.0,17.66,0.0,0.0,0.0,0.0,0.0,4.48,9.89,6.96,4.91,6.39,12.68,3.18,5.81
hsa-miR-493-5p,0.0,0.0,0.0,0.0,0.0,0.0,0.0,0.0,0.0,0.0,0.0,0.0,0.0,0.0,0.0,0.0,0.0,0.0,0.0,0.0,0.0,1.16
hsa-miR-497-5p,0.0,0.0,0.0,0.0,0.0,0.0,0.0,0.0,0.0,0.0,0.0,0.0,0.0,2.73,0.0,1.65,0.0,2.81,0.0,0.0,0.0,0.0
hsa-miR-499a-5p,0.0,0.0,0.0,0.0,0.0,0.0,0.0,0.0,0.0,0.0,0.0,0.0,0.0,2.73,0.0,0.0,0.0,0.0,0.0,0.0,0.0,0.0
hsa-miR-5000-3p,0.0,0.0,0.0,0.0,0.0,0.0,0.0,0.0,0.0,0.0,0.0,0.0,0.0,0.0,0.0,0.0,0.0,0.0,3.2,0.0,0.0,0.0
hsa-miR-500a-3p,36.61,31.57,48.19,24.9,45.42,104.79,80.87,22.27,70.66,0.0,0.0,0.0,0.0,62.85,17.94,128.52,93.24,266.67,108.68,28.17,17.5,49.95
hsa-miR-500a-5p,2.29,2.25,0.0,0.0,0.0,0.0,0.0,0.0,0.0,0.0,0.0,0.0,0.0,0.0,0.0,0.0,0.0,0.0,3.2,0.0,0.0,0.0
hsa-miR-500b-3p,0.0,0.0,0.0,0.0,0.0,0.0,0.0,0.0,0.0,0.0,0.0,0.0,0.0,0.0,0.0,0.0,1.39,0.0,0.0,0.0,0.0,0.0
hsa-miR-500b-5p,2.29,0.0,0.0,0.0,0.0,0.0,0.0,0.0,0.0,0.0,0.0,0.0,0.0,0.0,0.0,0.0,0.0,0.0,0.0,0.0,0.0,0.0
hsa-miR-501-3p,16.02,11.27,35.04,12.45,9.08,34.93,14.7,14.85,0.0,0.0,15.95,0.0,19.66,16.4,13.45,29.66,29.22,54.04,22.38,8.45,19.1,20.91
hsa-miR-501-5p,0.0,4.51,0.0,0.0,0.0,0.0,0.0,0.0,0.0,0.0,0.0,0.0,0.0,0.0,0.0,0.0,1.39,1.4,0.0,0.0,0.0,2.32
hsa-miR-502-3p,0.0,4.51,0.0,0.0,0.0,6.99,0.0,0.0,0.0,0.0,0.0,0.0,19.66,0.0,0.0,1.65,9.74,4.91,6.39,2.82,0.0,3.48
hsa-miR-502-5p,2.29,0.0,0.0,0.0,0.0,0.0,7.35,0.0,0.0,0.0,0.0,0.0,0.0,0.0,0.0,0.0,0.0,0.7,3.2,0.0,0.0,0.0
hsa-miR-503-3p,0.0,0.0,0.0,0.0,0.0,0.0,0.0,0.0,0.0,0.0,0.0,0.0,0.0,0.0,0.0,0.0,1.39,0.0,0.0,0.0,0.0,0.0
hsa-miR-504-5p,0.0,0.0,0.0,0.0,0.0,0.0,0.0,0.0,0.0,0.0,0.0,0.0,0.0,0.0,0.0,1.65,0.0,0.0,0.0,0.0,0.0,0.0
hsa-miR-505-3p,2.29,2.25,0.0,0.0,9.08,0.0,0.0,0.0,0.0,0.0,0.0,0.0,0.0,2.73,0.0,1.65,4.17,3.51,6.39,0.0,1.59,1.16
hsa-miR-505-5p,0.0,0.0,0.0,0.0,0.0,0.0,0.0,0.0,0.0,0.0,0.0,0.0,0.0,0.0,0.0,1.65,0.0,0.0,0.0,0.0,0.0,1.16
hsa-miR-506-3p,0.0,0.0,0.0,0.0,0.0,0.0,0.0,0.0,0.0,0.0,0.0,0.0,0.0,0.0,0.0,0.0,0.0,0.7,0.0,0.0,0.0,0.0
hsa-miR-508-3p,0.0,0.0,4.38,0.0,0.0,0.0,0.0,0.0,0.0,0.0,0.0,0.0,0.0,0.0,0.0,0.0,1.39,7.02,0.0,0.0,0.0,0.0
hsa-miR-509-3-5p,0.0,0.0,0.0,0.0,0.0,0.0,0.0,0.0,0.0,0.0,0.0,0.0,0.0,0.0,0.0,0.0,0.0,2.11,0.0,0.0,0.0,0.0
hsa-miR-509-3p,4.58,6.76,8.76,0.0,27.25,0.0,0.0,0.0,0.0,0.0,0.0,0.0,0.0,5.47,8.97,1.65,6.96,44.91,38.36,1.41,0.0,8.13
hsa-miR-5094,0.0,0.0,0.0,0.0,0.0,0.0,0.0,0.0,0.0,0.0,0.0,0.0,0.0,0.0,0.0,0.0,0.0,0.7,0.0,0.0,0.0,0.0
hsa-miR-513c-5p,0.0,0.0,0.0,0.0,0.0,0.0,0.0,0.0,0.0,0.0,0.0,0.0,0.0,0.0,0.0,0.0,0.0,2.11,0.0,0.0,0.0,0.0
hsa-miR-514a-3p,0.0,0.0,0.0,0.0,0.0,0.0,0.0,0.0,0.0,0.0,0.0,0.0,0.0,0.0,0.0,0.0,0.0,9.12,6.39,0.0,0.0,0.0
hsa-miR-514a-5p,0.0,0.0,0.0,0.0,0.0,0.0,0.0,0.0,0.0,0.0,0.0,0.0,0.0,0.0,0.0,0.0,0.0,0.7,0.0,0.0,0.0,0.0
hsa-miR-514b-3p,0.0,0.0,0.0,0.0,0.0,0.0,0.0,0.0,0.0,0.0,0.0,0.0,0.0,0.0,0.0,0.0,0.0,0.7,0.0,0.0,0.0,0.0
hsa-miR-532-3p,0.0,4.51,4.38,0.0,9.08,0.0,7.35,0.0,0.0,0.0,0.0,0.0,0.0,2.73,4.48,6.59,6.96,0.7,0.0,7.04,0.0,0.0
hsa-miR-532-5p,29.75,2.25,17.52,24.9,27.25,27.94,29.41,7.42,35.33,17.83,31.89,0.0,19.66,13.66,17.94,54.37,54.27,194.39,51.14,18.31,25.46,11.62
hsa-miR-542-3p,0.0,0.0,4.38,0.0,0.0,0.0,0.0,0.0,17.66,0.0,0.0,0.0,0.0,2.73,4.48,3.3,0.0,6.32,31.97,1.41,0.0,1.16
hsa-miR-545-5p,0.0,0.0,0.0,0.0,0.0,0.0,0.0,0.0,0.0,0.0,0.0,0.0,0.0,0.0,0.0,0.0,0.0,0.7,0.0,0.0,0.0,0.0
hsa-miR-548ab,0.0,0.0,0.0,0.0,0.0,0.0,0.0,0.0,0.0,0.0,0.0,0.0,0.0,0.0,0.0,0.0,0.0,0.0,0.0,0.0,0.0,1.16
hsa-miR-548al,0.0,0.0,0.0,0.0,0.0,0.0,0.0,0.0,0.0,0.0,0.0,0.0,0.0,0.0,0.0,0.0,0.0,0.0,0.0,0.0,0.0,1.16
hsa-miR-548ax,0.0,0.0,0.0,0.0,0.0,0.0,0.0,0.0,0.0,0.0,0.0,0.0,0.0,0.0,0.0,0.0,0.0,0.0,0.0,0.0,1.59,0.0
hsa-miR-548ay-3p,0.0,0.0,0.0,0.0,0.0,0.0,0.0,0.0,0.0,0.0,0.0,0.0,0.0,0.0,0.0,1.65,0.0,0.0,0.0,0.0,0.0,0.0
hsa-miR-548ay-5p,0.0,0.0,0.0,0.0,0.0,0.0,0.0,0.0,0.0,0.0,0.0,0.0,0.0,0.0,0.0,0.0,0.0,0.7,0.0,0.0,0.0,0.0
hsa-miR-548az-5p,0.0,0.0,0.0,0.0,0.0,0.0,0.0,0.0,0.0,0.0,0.0,0.0,0.0,0.0,0.0,0.0,0.0,1.4,0.0,0.0,0.0,1.16
hsa-miR-548b-5p,0.0,0.0,0.0,0.0,0.0,0.0,0.0,0.0,0.0,0.0,0.0,0.0,0.0,0.0,0.0,1.65,0.0,0.0,3.2,0.0,0.0,0.0
hsa-miR-548d-5p,0.0,0.0,0.0,0.0,0.0,0.0,0.0,0.0,0.0,0.0,0.0,0.0,0.0,0.0,0.0,0.0,0.0,0.0,0.0,0.0,0.0,1.16
hsa-miR-548e-3p,0.0,0.0,0.0,0.0,9.08,0.0,0.0,0.0,0.0,0.0,0.0,0.0,0.0,5.47,0.0,0.0,0.0,5.61,12.79,0.0,0.0,0.0
hsa-miR-548e-5p,0.0,0.0,0.0,0.0,0.0,0.0,0.0,0.0,0.0,0.0,0.0,0.0,0.0,0.0,0.0,3.3,0.0,0.0,3.2,0.0,0.0,1.16
hsa-miR-548i,2.29,0.0,0.0,0.0,0.0,0.0,0.0,0.0,0.0,0.0,0.0,0.0,0.0,0.0,0.0,0.0,0.0,1.4,0.0,0.0,0.0,0.0
hsa-miR-548j-5p,0.0,0.0,0.0,0.0,0.0,0.0,0.0,0.0,0.0,0.0,0.0,0.0,0.0,0.0,0.0,0.0,0.0,0.7,0.0,0.0,0.0,0.0
hsa-miR-548k,2.29,2.25,17.52,0.0,0.0,0.0,0.0,0.0,0.0,0.0,0.0,0.0,0.0,8.2,8.97,3.3,2.78,16.14,70.32,2.82,1.59,3.48
hsa-miR-548n,0.0,0.0,0.0,0.0,0.0,0.0,0.0,0.0,0.0,0.0,0.0,0.0,0.0,0.0,0.0,0.0,0.0,0.0,3.2,0.0,0.0,0.0
hsa-miR-548o-3p,0.0,0.0,0.0,12.45,9.08,0.0,7.35,0.0,0.0,0.0,0.0,0.0,0.0,2.73,0.0,1.65,0.0,3.51,6.39,1.41,0.0,2.32
hsa-miR-548o-5p,0.0,0.0,0.0,0.0,0.0,0.0,0.0,0.0,0.0,0.0,0.0,0.0,0.0,0.0,0.0,0.0,0.0,0.7,0.0,0.0,0.0,0.0
hsa-miR-548q,2.29,0.0,0.0,0.0,0.0,0.0,0.0,0.0,0.0,0.0,0.0,0.0,0.0,0.0,0.0,0.0,0.0,0.0,3.2,0.0,0.0,0.0
hsa-miR-548v,2.29,0.0,0.0,0.0,0.0,0.0,0.0,0.0,0.0,0.0,0.0,0.0,0.0,0.0,0.0,0.0,0.0,0.0,0.0,0.0,0.0,0.0
hsa-miR-548w,0.0,0.0,0.0,0.0,0.0,0.0,0.0,0.0,0.0,0.0,0.0,0.0,0.0,0.0,0.0,0.0,0.0,0.0,6.39,0.0,0.0,0.0
hsa-miR-556-5p,0.0,0.0,4.38,0.0,0.0,0.0,0.0,0.0,0.0,0.0,0.0,0.0,0.0,0.0,0.0,0.0,0.0,0.0,0.0,0.0,0.0,0.0
hsa-miR-5581-3p,0.0,0.0,0.0,0.0,0.0,0.0,0.0,0.0,0.0,0.0,0.0,0.0,0.0,0.0,0.0,0.0,0.0,0.0,3.2,0.0,0.0,0.0
hsa-miR-561-5p,0.0,0.0,0.0,0.0,0.0,0.0,0.0,0.0,0.0,0.0,0.0,0.0,0.0,0.0,0.0,1.65,0.0,2.11,3.2,1.41,0.0,0.0
hsa-miR-5695,0.0,0.0,0.0,0.0,0.0,0.0,0.0,0.0,0.0,0.0,0.0,0.0,0.0,0.0,4.48,0.0,0.0,0.0,0.0,0.0,0.0,0.0
hsa-miR-574-3p,2.29,4.51,4.38,0.0,0.0,0.0,7.35,7.42,0.0,0.0,0.0,0.0,0.0,5.47,0.0,14.83,8.35,4.21,9.59,5.63,1.59,1.16
hsa-miR-574-5p,0.0,0.0,0.0,0.0,0.0,0.0,0.0,0.0,0.0,17.83,0.0,0.0,0.0,5.47,4.48,3.3,0.0,2.81,0.0,0.0,0.0,0.0
hsa-miR-576-3p,0.0,0.0,0.0,0.0,0.0,0.0,0.0,0.0,0.0,0.0,0.0,0.0,0.0,0.0,0.0,0.0,0.0,0.7,0.0,0.0,0.0,0.0
hsa-miR-576-5p,0.0,0.0,0.0,0.0,0.0,0.0,0.0,0.0,0.0,0.0,0.0,0.0,19.66,0.0,0.0,0.0,1.39,3.51,6.39,0.0,0.0,1.16
hsa-miR-577,22.88,2.25,4.38,0.0,0.0,0.0,0.0,0.0,0.0,0.0,0.0,0.0,0.0,16.4,17.94,16.48,12.52,28.07,22.38,4.23,15.91,12.78
hsa-miR-580-3p,0.0,0.0,0.0,0.0,0.0,0.0,0.0,0.0,0.0,0.0,0.0,0.0,0.0,0.0,0.0,0.0,1.39,0.0,0.0,0.0,0.0,0.0
hsa-miR-582-3p,0.0,0.0,8.76,0.0,0.0,0.0,0.0,0.0,0.0,0.0,0.0,0.0,0.0,2.73,8.97,3.3,0.0,7.02,28.77,1.41,0.0,0.0
hsa-miR-582-5p,2.29,2.25,8.76,0.0,0.0,0.0,0.0,0.0,0.0,0.0,0.0,0.0,0.0,2.73,0.0,1.65,0.0,7.72,9.59,0.0,0.0,0.0
hsa-miR-584-3p,0.0,0.0,0.0,0.0,0.0,0.0,0.0,0.0,0.0,0.0,0.0,0.0,0.0,0.0,0.0,1.65,0.0,0.0,0.0,0.0,0.0,0.0
hsa-miR-584-5p,2.29,0.0,8.76,24.9,0.0,13.97,7.35,14.85,0.0,17.83,0.0,0.0,19.66,8.2,4.48,9.89,4.17,18.25,6.39,1.41,0.0,3.48
hsa-miR-585-3p,0.0,0.0,0.0,0.0,0.0,0.0,0.0,0.0,0.0,0.0,0.0,0.0,0.0,0.0,0.0,0.0,0.0,0.7,0.0,0.0,0.0,0.0
hsa-miR-589-3p,0.0,0.0,0.0,0.0,0.0,0.0,0.0,0.0,0.0,0.0,0.0,0.0,0.0,0.0,0.0,0.0,0.0,0.7,0.0,0.0,0.0,0.0
hsa-miR-589-5p,2.29,0.0,0.0,0.0,0.0,6.99,0.0,0.0,0.0,0.0,0.0,0.0,0.0,2.73,0.0,3.3,1.39,7.72,19.18,2.82,0.0,0.0
hsa-miR-590-3p,0.0,0.0,0.0,0.0,0.0,0.0,0.0,0.0,0.0,0.0,0.0,0.0,0.0,0.0,0.0,3.3,0.0,2.11,6.39,0.0,0.0,0.0
hsa-miR-592,0.0,0.0,0.0,0.0,0.0,0.0,0.0,0.0,0.0,0.0,0.0,0.0,0.0,0.0,0.0,0.0,0.0,0.7,0.0,0.0,0.0,0.0
hsa-miR-598-3p,2.29,0.0,4.38,0.0,9.08,6.99,0.0,0.0,17.66,0.0,0.0,0.0,0.0,0.0,0.0,6.59,2.78,7.02,6.39,2.82,3.18,3.48
hsa-miR-598-5p,0.0,0.0,0.0,0.0,0.0,0.0,0.0,0.0,0.0,0.0,0.0,0.0,0.0,0.0,0.0,0.0,0.0,0.7,0.0,0.0,0.0,0.0
hsa-miR-615-3p,2.29,0.0,0.0,0.0,0.0,0.0,0.0,0.0,0.0,0.0,0.0,0.0,0.0,0.0,0.0,0.0,0.0,0.0,0.0,2.82,0.0,0.0
hsa-miR-616-5p,0.0,0.0,0.0,0.0,0.0,0.0,0.0,0.0,0.0,0.0,0.0,0.0,0.0,0.0,0.0,1.65,1.39,0.0,0.0,0.0,1.59,0.0
hsa-miR-618,0.0,0.0,0.0,0.0,0.0,0.0,0.0,0.0,0.0,0.0,0.0,0.0,0.0,0.0,0.0,0.0,0.0,0.7,3.2,0.0,0.0,0.0
hsa-miR-619-5p,0.0,0.0,0.0,0.0,0.0,0.0,0.0,0.0,0.0,0.0,0.0,0.0,0.0,0.0,0.0,0.0,0.0,2.81,0.0,1.41,3.18,0.0
hsa-miR-625-3p,0.0,2.25,0.0,0.0,0.0,0.0,0.0,0.0,0.0,0.0,0.0,0.0,0.0,0.0,0.0,0.0,0.0,0.0,0.0,0.0,0.0,0.0
hsa-miR-625-5p,0.0,2.25,0.0,0.0,0.0,0.0,0.0,0.0,0.0,0.0,0.0,0.0,0.0,0.0,4.48,1.65,0.0,0.0,0.0,0.0,0.0,0.0
hsa-miR-628-3p,0.0,0.0,4.38,0.0,0.0,0.0,0.0,0.0,0.0,0.0,0.0,0.0,0.0,2.73,0.0,1.65,4.17,1.4,0.0,0.0,0.0,3.48
hsa-miR-628-5p,0.0,0.0,0.0,12.45,0.0,0.0,0.0,0.0,0.0,0.0,0.0,0.0,0.0,2.73,0.0,0.0,1.39,2.81,6.39,0.0,0.0,1.16
hsa-miR-629-5p,0.0,0.0,0.0,0.0,9.08,0.0,0.0,0.0,0.0,0.0,0.0,0.0,0.0,0.0,0.0,1.65,0.0,5.61,9.59,0.0,0.0,0.0
hsa-miR-641,0.0,0.0,0.0,0.0,0.0,6.99,7.35,0.0,0.0,0.0,0.0,0.0,0.0,0.0,0.0,1.65,2.78,0.0,0.0,0.0,0.0,0.0
hsa-miR-6499-5p,0.0,0.0,0.0,0.0,0.0,0.0,0.0,0.0,0.0,0.0,0.0,0.0,0.0,0.0,0.0,0.0,0.0,1.4,0.0,0.0,0.0,0.0
hsa-miR-6500-3p,0.0,0.0,0.0,0.0,0.0,0.0,0.0,0.0,0.0,0.0,0.0,0.0,0.0,2.73,0.0,0.0,0.0,0.0,3.2,0.0,0.0,0.0
hsa-miR-6502-5p,0.0,0.0,0.0,0.0,0.0,0.0,0.0,0.0,0.0,0.0,0.0,0.0,0.0,0.0,0.0,0.0,0.0,0.0,6.39,0.0,0.0,0.0
hsa-miR-6505-5p,0.0,0.0,0.0,0.0,0.0,0.0,0.0,0.0,0.0,0.0,0.0,0.0,0.0,0.0,0.0,1.65,0.0,0.0,0.0,0.0,0.0,0.0
hsa-miR-651-5p,2.29,0.0,0.0,0.0,0.0,0.0,0.0,0.0,0.0,0.0,0.0,0.0,0.0,0.0,0.0,0.0,0.0,0.0,0.0,0.0,0.0,0.0
hsa-miR-6511b-3p,0.0,0.0,0.0,0.0,0.0,0.0,0.0,0.0,0.0,0.0,0.0,0.0,0.0,0.0,0.0,1.65,0.0,0.0,0.0,0.0,0.0,0.0
hsa-miR-6516-3p,0.0,0.0,0.0,0.0,0.0,0.0,0.0,0.0,0.0,0.0,0.0,0.0,0.0,0.0,0.0,0.0,0.0,0.7,0.0,0.0,0.0,0.0
hsa-miR-652-3p,0.0,0.0,0.0,0.0,0.0,0.0,0.0,0.0,0.0,0.0,0.0,0.0,0.0,0.0,0.0,3.3,1.39,4.21,0.0,0.0,0.0,0.0
hsa-miR-653-3p,0.0,0.0,0.0,0.0,0.0,0.0,0.0,0.0,0.0,0.0,0.0,0.0,0.0,0.0,0.0,0.0,0.0,0.0,0.0,1.41,0.0,0.0
hsa-miR-654-3p,2.29,0.0,0.0,0.0,0.0,0.0,0.0,0.0,0.0,0.0,0.0,0.0,0.0,0.0,0.0,0.0,0.0,0.0,0.0,1.41,0.0,0.0
hsa-miR-656-3p,0.0,0.0,0.0,0.0,0.0,0.0,0.0,0.0,0.0,0.0,0.0,0.0,0.0,0.0,0.0,0.0,0.0,0.0,0.0,1.41,0.0,0.0
hsa-miR-660-5p,20.59,18.04,21.9,12.45,81.76,0.0,22.06,14.85,17.66,17.83,0.0,0.0,19.66,13.66,4.48,37.9,32.01,169.83,31.97,15.49,23.87,11.62
hsa-miR-663b,0.0,0.0,0.0,0.0,0.0,0.0,0.0,0.0,0.0,0.0,0.0,0.0,0.0,0.0,0.0,0.0,0.0,0.0,3.2,0.0,0.0,0.0
hsa-miR-664a-3p,9.15,0.0,8.76,12.45,0.0,0.0,0.0,0.0,0.0,0.0,0.0,0.0,0.0,5.47,0.0,14.83,5.57,0.7,9.59,2.82,0.0,5.81
hsa-miR-664a-5p,0.0,0.0,0.0,0.0,0.0,0.0,0.0,0.0,0.0,0.0,0.0,0.0,0.0,0.0,8.97,3.3,0.0,0.0,0.0,0.0,0.0,1.16
hsa-miR-671-3p,0.0,0.0,0.0,0.0,0.0,6.99,0.0,0.0,0.0,0.0,0.0,0.0,0.0,2.73,0.0,0.0,1.39,0.0,0.0,0.0,0.0,0.0
hsa-miR-671-5p,0.0,0.0,0.0,0.0,0.0,0.0,0.0,0.0,0.0,0.0,0.0,0.0,0.0,0.0,0.0,0.0,1.39,1.4,0.0,0.0,0.0,0.0
hsa-miR-6716-3p,2.29,0.0,0.0,0.0,0.0,0.0,0.0,0.0,0.0,0.0,0.0,0.0,0.0,0.0,0.0,0.0,0.0,0.0,0.0,0.0,0.0,0.0
hsa-miR-6735-5p,0.0,0.0,4.38,0.0,0.0,0.0,0.0,0.0,0.0,0.0,0.0,0.0,0.0,5.47,0.0,0.0,0.0,0.7,0.0,0.0,0.0,0.0
hsa-miR-676-5p,0.0,0.0,0.0,0.0,0.0,0.0,7.35,0.0,0.0,0.0,0.0,0.0,0.0,0.0,0.0,0.0,0.0,0.0,0.0,0.0,0.0,0.0
hsa-miR-6770-3p,0.0,0.0,0.0,0.0,0.0,0.0,0.0,0.0,0.0,0.0,0.0,0.0,0.0,0.0,0.0,0.0,1.39,0.0,0.0,0.0,0.0,0.0
hsa-miR-6797-5p,0.0,0.0,0.0,0.0,0.0,0.0,0.0,0.0,0.0,0.0,0.0,0.0,0.0,0.0,0.0,0.0,0.0,0.7,0.0,0.0,0.0,0.0
hsa-miR-6807-3p,0.0,0.0,0.0,0.0,0.0,0.0,0.0,0.0,0.0,0.0,0.0,0.0,0.0,0.0,0.0,0.0,0.0,0.0,3.2,0.0,0.0,0.0
hsa-miR-6810-5p,0.0,0.0,0.0,0.0,0.0,0.0,0.0,0.0,0.0,0.0,0.0,0.0,0.0,0.0,0.0,0.0,0.0,0.7,0.0,0.0,0.0,0.0
hsa-miR-6818-5p,0.0,0.0,0.0,0.0,0.0,0.0,0.0,0.0,0.0,0.0,0.0,0.0,0.0,0.0,0.0,0.0,0.0,0.7,0.0,0.0,0.0,0.0
hsa-miR-6842-3p,0.0,0.0,0.0,0.0,0.0,0.0,0.0,0.0,0.0,0.0,0.0,0.0,0.0,0.0,0.0,0.0,0.0,0.7,0.0,0.0,0.0,0.0
hsa-miR-6892-3p,0.0,0.0,0.0,0.0,0.0,0.0,0.0,0.0,0.0,0.0,0.0,0.0,0.0,0.0,0.0,0.0,0.0,0.0,3.2,0.0,0.0,0.0
hsa-miR-6892-5p,0.0,0.0,0.0,0.0,0.0,0.0,0.0,0.0,0.0,0.0,0.0,0.0,0.0,0.0,0.0,0.0,0.0,0.0,6.39,0.0,0.0,0.0
hsa-miR-7-1-3p,0.0,0.0,0.0,0.0,0.0,0.0,0.0,0.0,0.0,0.0,0.0,0.0,0.0,0.0,0.0,3.3,2.78,2.11,0.0,0.0,0.0,1.16
hsa-miR-7-5p,0.0,0.0,0.0,0.0,0.0,0.0,0.0,0.0,0.0,0.0,0.0,0.0,0.0,0.0,4.48,0.0,0.0,0.7,0.0,0.0,0.0,0.0
hsa-miR-708-3p,0.0,0.0,0.0,0.0,0.0,0.0,0.0,0.0,0.0,0.0,0.0,0.0,0.0,0.0,0.0,1.65,0.0,4.21,0.0,0.0,0.0,0.0
hsa-miR-708-5p,0.0,0.0,0.0,0.0,0.0,0.0,0.0,0.0,0.0,0.0,0.0,0.0,0.0,0.0,0.0,1.65,1.39,10.53,0.0,0.0,0.0,0.0
hsa-miR-744-3p,0.0,0.0,0.0,0.0,0.0,0.0,0.0,0.0,0.0,0.0,0.0,0.0,0.0,0.0,0.0,1.65,0.0,0.0,3.2,0.0,0.0,0.0
hsa-miR-744-5p,9.15,0.0,13.14,37.35,18.17,6.99,29.41,0.0,0.0,0.0,0.0,0.0,39.32,21.86,8.97,13.18,4.17,38.6,22.38,2.82,0.0,16.26
hsa-miR-766-3p,0.0,0.0,0.0,12.45,0.0,0.0,0.0,0.0,0.0,17.83,0.0,0.0,0.0,0.0,0.0,0.0,0.0,0.0,0.0,0.0,0.0,0.0
hsa-miR-767-5p,0.0,0.0,0.0,0.0,0.0,0.0,0.0,0.0,0.0,0.0,0.0,0.0,0.0,0.0,0.0,0.0,0.0,0.7,0.0,0.0,0.0,0.0
hsa-miR-769-5p,9.15,9.02,13.14,0.0,0.0,6.99,7.35,0.0,0.0,0.0,0.0,0.0,0.0,8.2,4.48,8.24,6.96,49.82,35.16,5.63,0.0,2.32
hsa-miR-770-5p,0.0,0.0,0.0,0.0,0.0,0.0,0.0,0.0,0.0,0.0,0.0,40.99,0.0,0.0,0.0,0.0,0.0,0.0,0.0,0.0,0.0,0.0
hsa-miR-7704,0.0,0.0,0.0,0.0,0.0,0.0,0.0,0.0,0.0,0.0,0.0,0.0,0.0,0.0,0.0,0.0,0.0,0.0,0.0,0.0,0.0,1.16
hsa-miR-7705,0.0,0.0,0.0,0.0,0.0,0.0,0.0,0.0,0.0,0.0,0.0,0.0,0.0,2.73,0.0,0.0,0.0,0.7,0.0,0.0,0.0,0.0
hsa-miR-7706,2.29,4.51,0.0,0.0,0.0,0.0,0.0,0.0,0.0,0.0,0.0,0.0,19.66,2.73,4.48,1.65,0.0,7.02,9.59,0.0,0.0,1.16
hsa-miR-7851-3p,0.0,0.0,0.0,0.0,0.0,0.0,0.0,0.0,0.0,0.0,0.0,0.0,0.0,0.0,0.0,0.0,0.0,0.7,0.0,0.0,0.0,0.0
hsa-miR-8485,0.0,0.0,0.0,0.0,0.0,0.0,0.0,0.0,0.0,0.0,0.0,0.0,0.0,0.0,0.0,0.0,0.0,0.0,0.0,0.0,1.59,0.0
hsa-miR-873-3p,0.0,0.0,0.0,0.0,0.0,0.0,0.0,0.0,0.0,0.0,0.0,0.0,0.0,0.0,0.0,0.0,0.0,1.4,0.0,0.0,0.0,0.0
hsa-miR-874-3p,0.0,2.25,4.38,0.0,9.08,13.97,7.35,0.0,0.0,17.83,15.95,40.99,0.0,5.47,0.0,3.3,8.35,18.25,6.39,1.41,3.18,2.32
hsa-miR-874-5p,0.0,0.0,0.0,0.0,0.0,0.0,0.0,0.0,0.0,0.0,0.0,0.0,0.0,0.0,0.0,4.94,0.0,1.4,0.0,0.0,0.0,0.0
hsa-miR-877-5p,0.0,0.0,0.0,0.0,0.0,0.0,0.0,0.0,0.0,0.0,0.0,40.99,0.0,0.0,0.0,0.0,0.0,0.0,0.0,0.0,0.0,0.0
hsa-miR-887-3p,0.0,0.0,0.0,0.0,0.0,0.0,0.0,7.42,0.0,0.0,0.0,0.0,0.0,0.0,0.0,0.0,1.39,7.72,0.0,0.0,0.0,1.16
hsa-miR-887-5p,43.47,2.25,0.0,0.0,9.08,0.0,0.0,0.0,0.0,0.0,31.89,0.0,0.0,0.0,26.9,3.3,0.0,4.21,15.98,0.0,31.83,0.0
hsa-miR-888-5p,0.0,4.51,0.0,0.0,9.08,0.0,0.0,0.0,17.66,0.0,0.0,0.0,0.0,0.0,0.0,1.65,1.39,4.91,3.2,0.0,3.18,4.65
hsa-miR-891a-5p,0.0,9.02,0.0,0.0,9.08,0.0,0.0,0.0,0.0,0.0,0.0,0.0,0.0,0.0,0.0,6.59,13.92,8.42,15.98,11.27,11.14,19.75
hsa-miR-891b,0.0,0.0,0.0,0.0,0.0,0.0,0.0,0.0,0.0,0.0,0.0,0.0,0.0,0.0,0.0,0.0,0.0,0.0,0.0,0.0,0.0,1.16
hsa-miR-892a,0.0,0.0,0.0,0.0,0.0,0.0,0.0,0.0,0.0,0.0,0.0,0.0,0.0,0.0,0.0,0.0,0.0,0.0,0.0,0.0,1.59,0.0
hsa-miR-892c-3p,0.0,0.0,0.0,0.0,0.0,0.0,0.0,0.0,0.0,0.0,0.0,0.0,0.0,0.0,0.0,0.0,0.0,0.7,0.0,0.0,0.0,0.0
hsa-miR-9-3p,0.0,0.0,0.0,0.0,0.0,0.0,0.0,0.0,0.0,0.0,0.0,0.0,0.0,0.0,0.0,1.65,0.0,0.0,0.0,0.0,0.0,0.0
hsa-miR-9-5p,6.86,15.78,0.0,0.0,0.0,13.97,7.35,0.0,17.66,17.83,0.0,1393.79,0.0,13.66,0.0,9.89,1.39,5.61,28.77,0.0,1.59,3.48
hsa-miR-92a-2-5p,0.0,0.0,0.0,0.0,0.0,0.0,0.0,0.0,0.0,0.0,0.0,0.0,0.0,0.0,0.0,1.65,0.0,0.0,0.0,0.0,0.0,0.0
hsa-miR-92a-3p,507.97,290.86,604.52,410.9,436.06,607.8,279.38,237.57,247.31,160.47,255.15,327.95,412.82,964.64,650.17,1127.03,777.93,949.48,1601.46,397.15,198.92,368.23
hsa-miR-92b-3p,45.76,15.78,48.19,62.26,36.34,62.88,58.82,37.12,17.66,35.66,111.63,204.97,39.32,174.89,143.49,125.23,77.93,7.02,22.38,39.43,23.87,41.82
hsa-miR-93-3p,0.0,0.0,0.0,0.0,0.0,0.0,0.0,0.0,0.0,0.0,0.0,0.0,0.0,2.73,0.0,1.65,1.39,0.0,6.39,0.0,1.59,1.16
hsa-miR-93-5p,66.36,27.06,21.9,24.9,18.17,27.94,22.06,14.85,35.33,17.83,0.0,0.0,39.32,19.13,58.29,51.08,22.27,131.23,92.7,8.45,12.73,10.45
hsa-miR-934,0.0,0.0,0.0,0.0,0.0,0.0,0.0,0.0,0.0,0.0,0.0,0.0,0.0,0.0,0.0,0.0,0.0,2.11,0.0,0.0,0.0,0.0
hsa-miR-937-3p,0.0,0.0,0.0,0.0,0.0,0.0,0.0,0.0,0.0,0.0,0.0,0.0,0.0,0.0,0.0,0.0,0.0,0.0,0.0,0.0,0.0,1.16
hsa-miR-941,11.44,4.51,13.14,24.9,9.08,13.97,22.06,7.42,0.0,0.0,15.95,40.99,39.32,19.13,71.74,54.37,25.05,95.44,175.81,1.41,9.55,11.62
hsa-miR-944,0.0,0.0,4.38,0.0,0.0,0.0,0.0,0.0,0.0,0.0,0.0,0.0,0.0,0.0,4.48,0.0,0.0,18.25,25.57,0.0,0.0,0.0
hsa-miR-95-3p,2.29,0.0,0.0,0.0,0.0,0.0,0.0,0.0,0.0,0.0,0.0,0.0,0.0,0.0,0.0,3.3,0.0,5.61,6.39,1.41,0.0,0.0
hsa-miR-95-5p,0.0,0.0,0.0,0.0,0.0,0.0,0.0,0.0,0.0,0.0,0.0,0.0,0.0,0.0,0.0,1.65,0.0,0.0,0.0,0.0,0.0,0.0
hsa-miR-96-5p,6.86,2.25,0.0,0.0,0.0,6.99,14.7,0.0,0.0,0.0,0.0,0.0,0.0,0.0,4.48,1.65,1.39,14.04,12.79,0.0,0.0,1.16
hsa-miR-98-3p,0.0,0.0,0.0,0.0,0.0,0.0,0.0,0.0,0.0,0.0,0.0,0.0,0.0,2.73,0.0,0.0,1.39,1.4,0.0,0.0,0.0,0.0
hsa-miR-98-5p,82.37,38.33,61.33,37.35,18.17,132.74,110.28,37.12,70.66,53.49,79.73,0.0,0.0,65.58,121.07,108.75,64.02,129.12,102.29,28.17,22.28,55.76
hsa-miR-9983-3p,0.0,0.0,0.0,0.0,0.0,0.0,0.0,0.0,0.0,0.0,0.0,0.0,0.0,0.0,0.0,0.0,0.0,0.7,0.0,0.0,0.0,0.0
hsa-miR-9985,0.0,0.0,0.0,0.0,0.0,0.0,0.0,0.0,0.0,0.0,0.0,0.0,0.0,0.0,0.0,0.0,0.0,1.4,3.2,0.0,0.0,0.0
hsa-miR-99a-3p,0.0,0.0,4.38,0.0,0.0,0.0,0.0,0.0,0.0,0.0,0.0,0.0,0.0,0.0,0.0,3.3,1.39,5.61,3.2,2.82,0.0,0.0
hsa-miR-99a-5p,59.49,54.11,131.42,12.45,63.59,118.77,198.5,37.12,70.66,71.32,15.95,81.99,78.63,114.77,62.78,359.2,187.87,459.65,134.25,57.74,55.7,84.8
hsa-miR-99b-3p,0.0,0.0,0.0,0.0,0.0,0.0,0.0,0.0,0.0,0.0,0.0,0.0,0.0,0.0,0.0,1.65,1.39,0.0,0.0,0.0,0.0,0.0
hsa-miR-99b-5p,260.85,160.09,275.98,149.42,118.1,321.37,602.87,89.09,335.63,213.96,526.25,491.92,196.58,341.59,650.17,601.41,599.8,479.3,242.94,119.71,241.88,318.28
hsa-mir-10522-5p,0.0,0.0,0.0,0.0,0.0,0.0,0.0,0.0,0.0,0.0,0.0,0.0,0.0,0.0,0.0,1.65,0.0,0.0,0.0,0.0,0.0,0.0
hsa-mir-107-3p,0.0,0.0,0.0,0.0,0.0,0.0,0.0,0.0,0.0,0.0,0.0,0.0,0.0,0.0,0.0,0.0,0.0,0.7,0.0,0.0,0.0,0.0
hsa-mir-12121-5p,0.0,0.0,0.0,12.45,0.0,0.0,0.0,0.0,0.0,0.0,0.0,0.0,0.0,0.0,0.0,0.0,0.0,0.0,0.0,0.0,0.0,0.0
hsa-mir-1255a-5p,2.29,0.0,0.0,0.0,0.0,0.0,0.0,0.0,0.0,0.0,0.0,0.0,0.0,0.0,0.0,0.0,0.0,0.0,0.0,0.0,0.0,0.0
hsa-mir-1273c-5p,2.29,0.0,0.0,0.0,0.0,0.0,0.0,0.0,0.0,0.0,0.0,0.0,0.0,0.0,0.0,0.0,0.0,0.0,0.0,0.0,0.0,0.0
hsa-mir-1303-3p,0.0,0.0,0.0,0.0,0.0,0.0,0.0,0.0,0.0,0.0,0.0,0.0,0.0,0.0,0.0,0.0,0.0,0.7,0.0,0.0,0.0,0.0
hsa-mir-2278-5p,0.0,0.0,0.0,0.0,0.0,0.0,0.0,0.0,0.0,0.0,0.0,0.0,0.0,0.0,0.0,0.0,0.0,0.0,0.0,2.82,0.0,0.0
hsa-mir-3648-1-5p,2.29,4.51,0.0,0.0,0.0,0.0,0.0,0.0,0.0,0.0,0.0,0.0,0.0,0.0,0.0,0.0,1.39,1.4,0.0,1.41,6.37,1.16
hsa-mir-3648-2-5p,0.0,4.51,0.0,0.0,9.08,0.0,0.0,0.0,0.0,0.0,15.95,0.0,0.0,0.0,0.0,0.0,0.0,0.0,0.0,4.23,15.91,1.16
hsa-mir-3655-5p,0.0,0.0,0.0,0.0,0.0,0.0,0.0,0.0,0.0,0.0,0.0,0.0,0.0,0.0,0.0,0.0,0.0,0.0,3.2,0.0,0.0,0.0
hsa-mir-421-3p,0.0,0.0,0.0,0.0,0.0,0.0,0.0,0.0,0.0,0.0,0.0,0.0,0.0,0.0,0.0,0.0,0.0,0.0,3.2,0.0,0.0,0.0
hsa-mir-4311-5p,0.0,0.0,0.0,0.0,0.0,0.0,0.0,0.0,0.0,0.0,0.0,0.0,0.0,0.0,0.0,0.0,1.39,0.0,0.0,0.0,0.0,0.0
hsa-mir-4325-5p,0.0,0.0,0.0,0.0,0.0,0.0,0.0,0.0,17.66,0.0,0.0,0.0,0.0,0.0,0.0,0.0,0.0,0.0,0.0,0.0,0.0,0.0
hsa-mir-4473-3p,0.0,0.0,0.0,0.0,0.0,0.0,0.0,0.0,0.0,0.0,0.0,0.0,0.0,0.0,0.0,0.0,0.0,0.0,3.2,0.0,0.0,0.0
hsa-mir-4497-5p,0.0,0.0,4.38,0.0,0.0,0.0,0.0,0.0,0.0,0.0,0.0,0.0,0.0,0.0,0.0,0.0,0.0,0.0,0.0,0.0,0.0,0.0
hsa-mir-451a-5p,0.0,0.0,0.0,0.0,0.0,0.0,0.0,0.0,0.0,0.0,0.0,0.0,0.0,0.0,4.48,0.0,0.0,0.0,0.0,0.0,0.0,0.0
hsa-mir-4773-2-3p,0.0,0.0,0.0,0.0,0.0,0.0,0.0,0.0,0.0,0.0,0.0,0.0,0.0,0.0,0.0,0.0,0.0,0.7,0.0,0.0,0.0,0.0
hsa-mir-548ac-3p,0.0,0.0,0.0,0.0,0.0,0.0,0.0,0.0,0.0,0.0,0.0,0.0,0.0,0.0,0.0,0.0,0.0,0.0,6.39,0.0,0.0,0.0
hsa-mir-558-3p,0.0,0.0,0.0,0.0,0.0,0.0,0.0,0.0,0.0,0.0,15.95,0.0,0.0,0.0,0.0,0.0,0.0,0.0,0.0,0.0,0.0,0.0
hsa-mir-600-3p,0.0,0.0,0.0,0.0,0.0,0.0,0.0,0.0,0.0,0.0,0.0,0.0,0.0,0.0,0.0,0.0,0.0,0.7,0.0,0.0,0.0,0.0
hsa-mir-8086-5p,4.58,0.0,0.0,0.0,0.0,0.0,0.0,0.0,0.0,0.0,15.95,0.0,0.0,0.0,0.0,0.0,1.39,2.11,0.0,0.0,3.18,0.0
hsa-mir-944-3p,0.0,0.0,0.0,0.0,0.0,0.0,0.0,0.0,0.0,0.0,0.0,0.0,0.0,0.0,0.0,0.0,0.0,0.7,0.0,0.0,0.0,0.0
