miRNA,SRR19599583,SRR19599584,SRR19599585,SRR19599586,SRR19599587,SRR19599588,SRR19599589,SRR19599590,SRR19599591,SRR19599592
hsa-let-7a-3p,90.0,135.0,24.0,0.0,98.0,100.0,141.0,48.0,51.0,50.0
hsa-let-7a-5p,32258.0,63816.0,12292.0,25071.0,10277.0,14293.0,21980.0,7920.0,8006.0,11242.0
hsa-let-7b-3p,0.0,31.0,0.0,0.0,19.0,42.0,16.0,0.0,0.0,15.0
hsa-let-7b-5p,9104.0,29279.0,5236.0,15986.0,5654.0,6727.0,8724.0,3927.0,4608.0,11419.0
hsa-let-7c-5p,217.0,757.0,149.0,382.0,134.0,276.0,426.0,237.0,143.0,562.0
hsa-let-7d-3p,4128.0,3719.0,1221.0,1244.0,1588.0,1274.0,1750.0,812.0,1078.0,786.0
hsa-let-7d-5p,8888.0,17017.0,4139.0,6704.0,3524.0,3226.0,5082.0,1716.0,2345.0,3583.0
hsa-let-7e-5p,853.0,1716.0,37.0,195.0,258.0,227.0,369.0,246.0,112.0,122.0
hsa-let-7f-1-3p,0.0,0.0,1.0,1.0,18.0,0.0,0.0,0.0,0.0,0.0
hsa-let-7f-2-3p,5.0,9.0,19.0,6.0,30.0,0.0,49.0,0.0,26.0,10.0
hsa-let-7f-5p,56331.0,89592.0,19708.0,33337.0,17182.0,16982.0,36163.0,11937.0,9143.0,14547.0
hsa-let-7g-3p,30.0,0.0,0.0,1.0,0.0,1.0,0.0,0.0,0.0,0.0
hsa-let-7g-5p,76041.0,242960.0,77510.0,122563.0,54634.0,34213.0,62270.0,40217.0,32649.0,56234.0
hsa-let-7i-3p,96.0,88.0,84.0,0.0,148.0,148.0,157.0,10.0,45.0,30.0
hsa-let-7i-5p,52438.0,175578.0,54459.0,65557.0,31848.0,23429.0,40752.0,26170.0,25481.0,38533.0
hsa-miR-1-3p,2081.0,2606.0,658.0,1644.0,139.0,268.0,822.0,329.0,260.0,878.0
hsa-miR-100-5p,611.0,342.0,433.0,427.0,210.0,490.0,480.0,582.0,677.0,228.0
hsa-miR-101-3p,63570.0,86626.0,52747.0,67866.0,70216.0,24686.0,48564.0,33217.0,41133.0,53159.0
hsa-miR-101-5p,0.0,11.0,28.0,17.0,0.0,8.0,27.0,0.0,46.0,23.0
hsa-miR-10392-5p,0.0,11.0,0.0,0.0,0.0,0.0,0.0,0.0,0.0,0.0
hsa-miR-10393-3p,16.0,0.0,0.0,5.0,0.0,0.0,0.0,0.0,0.0,0.0
hsa-miR-10395-3p,5.0,58.0,0.0,0.0,33.0,0.0,0.0,0.0,0.0,0.0
hsa-miR-10399-3p,18.0,49.0,38.0,2.0,11.0,42.0,50.0,0.0,8.0,45.0
hsa-miR-103a-1-5p,0.0,0.0,0.0,0.0,0.0,0.0,0.0,0.0,0.0,8.0
hsa-miR-103a-2-5p,101.0,65.0,0.0,9.0,30.0,0.0,18.0,0.0,0.0,13.0
hsa-miR-103a-3p,13238.0,10868.0,62613.0,21889.0,1517.0,31069.0,14694.0,14162.0,26973.0,12836.0
hsa-miR-10401-3p,5.0,15.0,1.0,13.0,0.0,0.0,0.0,0.0,6.0,0.0
hsa-miR-106a-3p,19.0,60.0,68.0,49.0,42.0,54.0,28.0,51.0,0.0,23.0
hsa-miR-106a-5p,114.0,381.0,135.0,233.0,218.0,123.0,201.0,137.0,8.0,161.0
hsa-miR-106b-3p,11954.0,16152.0,10602.0,12156.0,12287.0,3799.0,7769.0,8832.0,5516.0,8538.0
hsa-miR-106b-5p,4499.0,7075.0,3982.0,3936.0,4426.0,2702.0,4129.0,3114.0,2227.0,2286.0
hsa-miR-107,3604.0,6152.0,1700.0,1471.0,1633.0,2814.0,2454.0,792.0,3714.0,881.0
hsa-miR-10a-3p,6.0,32.0,0.0,0.0,0.0,33.0,55.0,0.0,0.0,3.0
hsa-miR-10a-5p,6168.0,6270.0,1097.0,1837.0,2378.0,1979.0,4271.0,1708.0,1693.0,1696.0
hsa-miR-10b-3p,0.0,19.0,0.0,10.0,18.0,1.0,0.0,0.0,0.0,0.0
hsa-miR-10b-5p,10693.0,11819.0,4262.0,5272.0,8228.0,8658.0,6510.0,7213.0,4354.0,6291.0
hsa-miR-11400,0.0,937.0,0.0,360.0,0.0,0.0,0.0,0.0,88.0,0.0
hsa-miR-11401,17.0,42.0,1.0,79.0,8.0,0.0,0.0,19.0,0.0,3.0
hsa-miR-1180-3p,141.0,190.0,105.0,342.0,151.0,122.0,156.0,206.0,62.0,141.0
hsa-miR-1185-1-3p,413.0,287.0,217.0,127.0,139.0,39.0,326.0,43.0,306.0,96.0
hsa-miR-1185-2-3p,22.0,1.0,48.0,0.0,0.0,0.0,11.0,39.0,20.0,21.0
hsa-miR-1185-5p,0.0,9.0,0.0,10.0,0.0,0.0,0.0,0.0,0.0,0.0
hsa-miR-1197,104.0,62.0,66.0,27.0,22.0,19.0,27.0,33.0,0.0,0.0
hsa-miR-12136,86.0,61.0,1.0,55.0,20.0,28.0,18.0,1.0,0.0,27.0
hsa-miR-122-3p,0.0,0.0,0.0,0.0,0.0,0.0,0.0,0.0,0.0,13.0
hsa-miR-122-5p,953.0,652.0,117.0,0.0,271.0,305.0,135.0,329.0,268.0,241.0
hsa-miR-1225-5p,0.0,1.0,0.0,0.0,0.0,0.0,0.0,0.0,0.0,0.0
hsa-miR-1226-3p,14.0,29.0,0.0,0.0,0.0,15.0,0.0,0.0,0.0,0.0
hsa-miR-1229-3p,0.0,18.0,0.0,0.0,0.0,0.0,19.0,0.0,25.0,12.0
hsa-miR-124-3p,12.0,77.0,0.0,0.0,0.0,17.0,0.0,44.0,0.0,1.0
hsa-miR-1246,13.0,0.0,0.0,16.0,53.0,0.0,24.0,0.0,19.0,157.0
hsa-miR-1247-5p,0.0,0.0,0.0,0.0,0.0,0.0,0.0,0.0,7.0,0.0
hsa-miR-1249-3p,67.0,37.0,72.0,43.0,0.0,21.0,106.0,0.0,0.0,6.0
hsa-miR-1250-5p,43.0,23.0,0.0,15.0,15.0,23.0,40.0,0.0,46.0,19.0
hsa-miR-1255a,0.0,0.0,0.0,18.0,0.0,0.0,33.0,0.0,0.0,0.0
hsa-miR-1255b-5p,4.0,54.0,0.0,22.0,0.0,0.0,11.0,0.0,0.0,21.0
hsa-miR-1258,0.0,14.0,0.0,0.0,0.0,0.0,0.0,0.0,0.0,0.0
hsa-miR-125a-3p,0.0,83.0,19.0,0.0,0.0,40.0,9.0,0.0,0.0,2.0
hsa-miR-125a-5p,3307.0,10530.0,1216.0,1424.0,2819.0,2483.0,5226.0,1843.0,2605.0,1791.0
hsa-miR-125b-1-3p,0.0,0.0,0.0,0.0,0.0,1.0,0.0,0.0,0.0,0.0
hsa-miR-125b-2-3p,20.0,0.0,0.0,0.0,0.0,0.0,0.0,0.0,0.0,0.0
hsa-miR-125b-5p,1457.0,1014.0,738.0,642.0,1124.0,765.0,1004.0,356.0,509.0,747.0
hsa-miR-126-3p,27234.0,30347.0,8560.0,8301.0,12617.0,12187.0,19470.0,7104.0,8154.0,5708.0
hsa-miR-126-5p,9892.0,9880.0,3190.0,2630.0,5019.0,3020.0,6296.0,1845.0,3489.0,1763.0
hsa-miR-1260b,184.0,39.0,22.0,13.0,28.0,4.0,2.0,1.0,20.0,1.0
hsa-miR-1268a,0.0,0.0,0.0,11.0,8.0,0.0,0.0,0.0,0.0,0.0
hsa-miR-1268b,0.0,0.0,0.0,0.0,0.0,1.0,6.0,0.0,0.0,0.0
hsa-miR-1269a,0.0,0.0,0.0,0.0,0.0,8.0,0.0,0.0,0.0,0.0
hsa-miR-1269b,0.0,0.0,0.0,0.0,0.0,1.0,0.0,0.0,0.0,0.0
hsa-miR-127-3p,4012.0,2871.0,977.0,522.0,757.0,584.0,2430.0,1111.0,1005.0,469.0
hsa-miR-127-5p,253.0,212.0,218.0,11.0,91.0,20.0,69.0,61.0,23.0,20.0
hsa-miR-1270,0.0,0.0,10.0,28.0,0.0,10.0,19.0,0.0,0.0,51.0
hsa-miR-1271-5p,176.0,123.0,58.0,50.0,0.0,0.0,97.0,0.0,0.0,24.0
hsa-miR-1273c,18.0,14.0,10.0,16.0,12.0,0.0,0.0,0.0,0.0,10.0
hsa-miR-1273h-3p,103.0,120.0,16.0,48.0,9.0,0.0,47.0,23.0,39.0,0.0
hsa-miR-1273h-5p,68.0,32.0,54.0,68.0,35.0,0.0,45.0,29.0,26.0,43.0
hsa-miR-1275,8.0,18.0,0.0,114.0,2.0,8.0,1.0,5.0,47.0,14.0
hsa-miR-1277-3p,104.0,115.0,52.0,39.0,60.0,16.0,112.0,13.0,65.0,37.0
hsa-miR-1277-5p,0.0,0.0,0.0,0.0,0.0,2.0,0.0,0.0,0.0,0.0
hsa-miR-1278,0.0,0.0,0.0,0.0,0.0,0.0,0.0,66.0,0.0,0.0
hsa-miR-128-1-5p,54.0,40.0,0.0,23.0,0.0,8.0,18.0,23.0,10.0,32.0
hsa-miR-128-3p,12238.0,13477.0,4263.0,4032.0,4507.0,2580.0,5613.0,2348.0,3001.0,2421.0
hsa-miR-1283,0.0,0.0,0.0,23.0,0.0,0.0,0.0,0.0,0.0,0.0
hsa-miR-1284,50.0,29.0,33.0,27.0,0.0,0.0,32.0,0.0,25.0,13.0
hsa-miR-1285-3p,170.0,131.0,82.0,178.0,106.0,9.0,35.0,98.0,83.0,38.0
hsa-miR-1285-5p,9.0,0.0,0.0,2.0,0.0,0.0,0.0,0.0,0.0,11.0
hsa-miR-1287-5p,441.0,260.0,36.0,126.0,100.0,74.0,153.0,37.0,158.0,10.0
hsa-miR-1289,0.0,21.0,0.0,17.0,0.0,0.0,0.0,0.0,0.0,0.0
hsa-miR-129-2-3p,0.0,0.0,0.0,0.0,0.0,0.0,12.0,0.0,50.0,0.0
hsa-miR-129-5p,14.0,0.0,4.0,0.0,0.0,2.0,5.0,0.0,0.0,50.0
hsa-miR-1291,9.0,3.0,18.0,21.0,7.0,0.0,18.0,0.0,3.0,5.0
hsa-miR-1292-5p,51.0,35.0,12.0,23.0,33.0,0.0,39.0,1.0,0.0,3.0
hsa-miR-1294,50.0,20.0,44.0,71.0,48.0,7.0,4.0,32.0,17.0,72.0
hsa-miR-1296-5p,178.0,212.0,93.0,61.0,83.0,82.0,146.0,84.0,21.0,31.0
hsa-miR-1297,9.0,0.0,0.0,0.0,0.0,15.0,0.0,8.0,4.0,17.0
hsa-miR-1298-5p,0.0,15.0,0.0,0.0,0.0,0.0,0.0,0.0,0.0,0.0
hsa-miR-1299,0.0,9.0,0.0,37.0,0.0,1.0,0.0,0.0,0.0,0.0
hsa-miR-1301-3p,1223.0,1348.0,224.0,439.0,199.0,157.0,412.0,218.0,146.0,115.0
hsa-miR-1302,0.0,5.0,0.0,0.0,0.0,0.0,0.0,0.0,0.0,0.0
hsa-miR-1303,37.0,19.0,0.0,18.0,38.0,1.0,37.0,0.0,6.0,2.0
hsa-miR-1304-3p,0.0,0.0,0.0,0.0,47.0,0.0,0.0,0.0,0.0,0.0
hsa-miR-1304-5p,53.0,77.0,0.0,13.0,0.0,0.0,0.0,24.0,20.0,59.0
hsa-miR-1306-3p,0.0,16.0,16.0,57.0,28.0,12.0,32.0,0.0,0.0,17.0
hsa-miR-1306-5p,59.0,5.0,0.0,126.0,49.0,0.0,44.0,0.0,28.0,0.0
hsa-miR-1307-3p,5637.0,4929.0,1876.0,2048.0,2295.0,668.0,1874.0,810.0,1132.0,1213.0
hsa-miR-1307-5p,636.0,752.0,318.0,172.0,418.0,198.0,317.0,110.0,247.0,117.0
hsa-miR-130a-3p,1031.0,799.0,305.0,232.0,265.0,115.0,519.0,286.0,186.0,89.0
hsa-miR-130a-5p,0.0,24.0,0.0,0.0,0.0,0.0,0.0,0.0,0.0,0.0
hsa-miR-130b-3p,270.0,220.0,56.0,120.0,78.0,55.0,113.0,46.0,74.0,49.0
hsa-miR-130b-5p,387.0,309.0,184.0,91.0,162.0,95.0,187.0,40.0,50.0,38.0
hsa-miR-132-3p,117.0,90.0,10.0,23.0,40.0,46.0,8.0,0.0,0.0,68.0
hsa-miR-132-5p,0.0,48.0,3.0,11.0,15.0,33.0,38.0,0.0,0.0,0.0
hsa-miR-1323,0.0,13.0,0.0,89.0,21.0,38.0,54.0,37.0,0.0,17.0
hsa-miR-133a-3p,555.0,401.0,108.0,254.0,27.0,140.0,326.0,220.0,108.0,194.0
hsa-miR-133a-5p,0.0,28.0,0.0,7.0,0.0,0.0,0.0,0.0,0.0,20.0
hsa-miR-134-3p,0.0,0.0,9.0,0.0,0.0,0.0,0.0,0.0,0.0,0.0
hsa-miR-134-5p,1405.0,1367.0,543.0,119.0,296.0,128.0,927.0,223.0,77.0,182.0
hsa-miR-1343-3p,60.0,74.0,35.0,22.0,17.0,0.0,0.0,0.0,0.0,0.0
hsa-miR-135a-3p,0.0,19.0,0.0,0.0,0.0,0.0,0.0,0.0,0.0,0.0
hsa-miR-135a-5p,10.0,10.0,27.0,0.0,18.0,17.0,5.0,0.0,0.0,0.0
hsa-miR-135b-5p,0.0,0.0,0.0,0.0,0.0,2.0,0.0,0.0,34.0,0.0
hsa-miR-136-3p,619.0,599.0,226.0,21.0,154.0,147.0,395.0,99.0,101.0,43.0
hsa-miR-136-5p,101.0,35.0,32.0,63.0,15.0,17.0,85.0,55.0,106.0,0.0
hsa-miR-138-5p,3.0,0.0,0.0,0.0,0.0,2.0,0.0,0.0,0.0,12.0
hsa-miR-139-3p,422.0,254.0,48.0,168.0,124.0,34.0,186.0,109.0,106.0,42.0
hsa-miR-139-5p,1960.0,1235.0,362.0,1012.0,658.0,366.0,696.0,512.0,640.0,411.0
hsa-miR-140-3p,22334.0,27077.0,13541.0,19766.0,19053.0,7882.0,15193.0,10115.0,9180.0,10848.0
hsa-miR-140-5p,546.0,480.0,256.0,223.0,357.0,112.0,328.0,122.0,149.0,94.0
hsa-miR-141-3p,21.0,28.0,24.0,0.0,44.0,0.0,0.0,0.0,0.0,0.0
hsa-miR-142-3p,5567.0,7243.0,2809.0,2448.0,4249.0,1945.0,4390.0,1294.0,2449.0,1484.0
hsa-miR-142-5p,18488.0,20539.0,8393.0,9710.0,9280.0,8496.0,13296.0,4795.0,7087.0,6144.0
hsa-miR-143-3p,13795.0,41041.0,21979.0,12216.0,13253.0,5810.0,15126.0,7232.0,11686.0,6847.0
hsa-miR-143-5p,36.0,254.0,221.0,101.0,76.0,27.0,56.0,56.0,29.0,28.0
hsa-miR-144-3p,4879.0,13245.0,10223.0,8875.0,7889.0,8875.0,8652.0,5537.0,7105.0,3321.0
hsa-miR-144-5p,1898.0,8171.0,3317.0,5475.0,2826.0,3518.0,4419.0,2031.0,1199.0,1595.0
hsa-miR-145-3p,113.0,216.0,56.0,34.0,58.0,60.0,55.0,95.0,42.0,41.0
hsa-miR-145-5p,596.0,529.0,316.0,198.0,108.0,143.0,204.0,61.0,185.0,158.0
hsa-miR-1468-5p,85.0,17.0,47.0,7.0,0.0,0.0,62.0,0.0,0.0,0.0
hsa-miR-1469,0.0,0.0,0.0,0.0,1.0,0.0,0.0,2.0,0.0,0.0
hsa-miR-146a-3p,253.0,132.0,153.0,49.0,236.0,25.0,128.0,82.0,62.0,0.0
hsa-miR-146a-5p,55590.0,114872.0,29105.0,17269.0,33867.0,14987.0,38941.0,16631.0,23012.0,12395.0
hsa-miR-146b-3p,166.0,110.0,131.0,84.0,75.0,76.0,68.0,45.0,84.0,96.0
hsa-miR-146b-5p,6749.0,5055.0,2018.0,1935.0,2089.0,2070.0,3670.0,1910.0,1902.0,1714.0
hsa-miR-147b-3p,17.0,1.0,15.0,0.0,0.0,33.0,18.0,0.0,57.0,0.0
hsa-miR-147b-5p,0.0,0.0,12.0,0.0,0.0,20.0,0.0,0.0,0.0,0.0
hsa-miR-148a-3p,75415.0,80436.0,21843.0,38490.0,26312.0,11405.0,28510.0,21551.0,17630.0,21471.0
hsa-miR-148a-5p,273.0,350.0,135.0,88.0,140.0,35.0,154.0,173.0,168.0,80.0
hsa-miR-148b-3p,24600.0,33401.0,10721.0,11501.0,11114.0,5244.0,12927.0,4572.0,5759.0,5423.0
hsa-miR-148b-5p,299.0,304.0,218.0,195.0,161.0,80.0,118.0,153.0,92.0,142.0
hsa-miR-149-5p,0.0,34.0,16.0,3.0,0.0,2.0,3.0,0.0,0.0,14.0
hsa-miR-150-3p,2.0,46.0,49.0,36.0,108.0,31.0,20.0,125.0,35.0,47.0
hsa-miR-150-5p,2119.0,1840.0,1607.0,1694.0,2810.0,2159.0,2319.0,2299.0,1808.0,1709.0
hsa-miR-151a-3p,35737.0,45115.0,14389.0,14353.0,15954.0,4338.0,15663.0,6728.0,8384.0,6158.0
hsa-miR-151a-5p,33614.0,33327.0,8346.0,10428.0,8841.0,5022.0,20326.0,4311.0,4455.0,5592.0
hsa-miR-151b,2824.0,245.0,134.0,214.0,1097.0,139.0,241.0,817.0,594.0,17.0
hsa-miR-152-3p,5173.0,6162.0,1063.0,1637.0,876.0,553.0,2257.0,577.0,890.0,609.0
hsa-miR-152-5p,0.0,14.0,0.0,0.0,0.0,0.0,10.0,0.0,0.0,0.0
hsa-miR-153-3p,0.0,0.0,0.0,0.0,30.0,0.0,0.0,0.0,0.0,0.0
hsa-miR-1538,35.0,31.0,0.0,0.0,0.0,0.0,16.0,0.0,0.0,0.0
hsa-miR-154-3p,25.0,39.0,0.0,0.0,0.0,0.0,66.0,0.0,0.0,3.0
hsa-miR-154-5p,65.0,109.0,19.0,0.0,8.0,0.0,44.0,0.0,22.0,1.0
hsa-miR-155-5p,311.0,231.0,53.0,16.0,114.0,144.0,221.0,189.0,15.0,46.0
hsa-miR-15a-5p,2515.0,2754.0,1175.0,1557.0,1153.0,983.0,1406.0,899.0,693.0,967.0
hsa-miR-15b-3p,726.0,754.0,287.0,302.0,436.0,287.0,368.0,231.0,377.0,224.0
hsa-miR-15b-5p,5284.0,4966.0,2495.0,2516.0,3267.0,1475.0,3728.0,1451.0,1551.0,1413.0
hsa-miR-16-1-3p,83.0,5.0,9.0,36.0,0.0,6.0,12.0,0.0,0.0,0.0
hsa-miR-16-2-3p,1851.0,3674.0,1629.0,1942.0,1763.0,1485.0,2167.0,1187.0,952.0,1227.0
hsa-miR-16-5p,10361.0,15477.0,5308.0,10673.0,7084.0,6081.0,9379.0,6105.0,8029.0,6050.0
hsa-miR-17-3p,511.0,648.0,354.0,315.0,579.0,102.0,386.0,320.0,454.0,180.0
hsa-miR-17-5p,6128.0,8848.0,2993.0,4057.0,2677.0,1995.0,4484.0,2310.0,2071.0,1176.0
hsa-miR-181a-2-3p,673.0,860.0,324.0,277.0,456.0,79.0,358.0,260.0,129.0,146.0
hsa-miR-181a-3p,557.0,519.0,186.0,203.0,228.0,193.0,233.0,80.0,175.0,120.0
hsa-miR-181a-5p,20095.0,21395.0,5208.0,7225.0,7575.0,7143.0,9806.0,5377.0,3933.0,4779.0
hsa-miR-181b-2-3p,0.0,38.0,0.0,0.0,0.0,0.0,8.0,0.0,0.0,0.0
hsa-miR-181b-3p,9.0,0.0,14.0,0.0,21.0,0.0,53.0,0.0,16.0,0.0
hsa-miR-181b-5p,1410.0,2411.0,665.0,827.0,694.0,760.0,861.0,434.0,458.0,738.0
hsa-miR-181c-3p,322.0,509.0,144.0,82.0,202.0,63.0,203.0,130.0,72.0,65.0
hsa-miR-181c-5p,1009.0,1241.0,314.0,432.0,264.0,193.0,667.0,182.0,327.0,128.0
hsa-miR-181d-5p,862.0,1211.0,231.0,224.0,367.0,200.0,479.0,194.0,213.0,274.0
hsa-miR-182-3p,0.0,0.0,0.0,0.0,11.0,0.0,0.0,0.0,0.0,18.0
hsa-miR-182-5p,4004.0,14040.0,4214.0,11775.0,5351.0,4413.0,5479.0,6121.0,2328.0,4947.0
hsa-miR-1827,0.0,0.0,0.0,0.0,2.0,0.0,0.0,0.0,0.0,0.0
hsa-miR-183-3p,3.0,116.0,0.0,49.0,44.0,0.0,21.0,0.0,0.0,38.0
hsa-miR-183-5p,1702.0,4566.0,1829.0,5115.0,1813.0,1663.0,1915.0,2762.0,1143.0,2247.0
hsa-miR-184,0.0,66.0,0.0,0.0,1.0,2.0,0.0,0.0,59.0,42.0
hsa-miR-1843,636.0,873.0,148.0,278.0,325.0,94.0,303.0,83.0,210.0,150.0
hsa-miR-185-3p,489.0,669.0,230.0,193.0,398.0,150.0,371.0,120.0,177.0,120.0
hsa-miR-185-5p,92272.0,119079.0,49884.0,58883.0,50029.0,28910.0,43486.0,33359.0,37306.0,34881.0
hsa-miR-186-3p,0.0,12.0,0.0,0.0,0.0,0.0,0.0,0.0,0.0,0.0
hsa-miR-186-5p,31056.0,33032.0,14632.0,13909.0,19488.0,9213.0,17480.0,8712.0,10683.0,8254.0
hsa-miR-188-5p,0.0,0.0,0.0,0.0,0.0,0.0,0.0,0.0,0.0,22.0
hsa-miR-18a-3p,40.0,110.0,6.0,9.0,57.0,15.0,70.0,9.0,0.0,22.0
hsa-miR-18a-5p,372.0,326.0,242.0,160.0,374.0,158.0,209.0,153.0,151.0,116.0
hsa-miR-18b-3p,0.0,0.0,0.0,0.0,16.0,0.0,5.0,0.0,29.0,0.0
hsa-miR-18b-5p,0.0,64.0,11.0,12.0,76.0,18.0,0.0,50.0,19.0,0.0
hsa-miR-1908-5p,659.0,674.0,88.0,185.0,258.0,65.0,141.0,86.0,117.0,66.0
hsa-miR-190a-3p,0.0,0.0,0.0,0.0,0.0,0.0,10.0,0.0,0.0,0.0
hsa-miR-190a-5p,25.0,79.0,3.0,63.0,101.0,43.0,118.0,50.0,22.0,6.0
hsa-miR-190b-5p,8.0,49.0,11.0,66.0,16.0,25.0,35.0,0.0,18.0,15.0
hsa-miR-191-3p,118.0,134.0,63.0,20.0,38.0,0.0,48.0,0.0,3.0,44.0
hsa-miR-191-5p,74035.0,83693.0,20290.0,33742.0,22921.0,16516.0,40155.0,14718.0,12403.0,13687.0
hsa-miR-1910-3p,0.0,0.0,0.0,5.0,0.0,0.0,0.0,0.0,0.0,0.0
hsa-miR-192-5p,1239.0,2382.0,1798.0,1710.0,1629.0,1214.0,1608.0,812.0,715.0,940.0
hsa-miR-193a-3p,0.0,0.0,0.0,0.0,8.0,0.0,0.0,0.0,0.0,0.0
hsa-miR-193a-5p,574.0,546.0,22.0,547.0,149.0,176.0,135.0,34.0,202.0,222.0
hsa-miR-193b-3p,0.0,0.0,0.0,0.0,28.0,32.0,18.0,63.0,0.0,0.0
hsa-miR-193b-5p,0.0,0.0,0.0,0.0,12.0,2.0,0.0,0.0,0.0,24.0
hsa-miR-194-5p,1630.0,4005.0,2614.0,2740.0,1946.0,1780.0,2317.0,1017.0,919.0,1512.0
hsa-miR-195-3p,0.0,24.0,0.0,0.0,0.0,0.0,0.0,0.0,0.0,0.0
hsa-miR-195-5p,0.0,57.0,17.0,21.0,18.0,10.0,8.0,0.0,71.0,26.0
hsa-miR-196b-3p,0.0,8.0,0.0,0.0,0.0,8.0,0.0,0.0,0.0,0.0
hsa-miR-196b-5p,128.0,348.0,145.0,85.0,161.0,41.0,202.0,203.0,36.0,147.0
hsa-miR-197-3p,645.0,530.0,374.0,175.0,408.0,182.0,441.0,216.0,159.0,129.0
hsa-miR-197-5p,0.0,10.0,0.0,20.0,18.0,0.0,0.0,0.0,0.0,0.0
hsa-miR-1976,0.0,8.0,0.0,0.0,0.0,28.0,0.0,0.0,0.0,0.0
hsa-miR-199a-3p,102212.0,118425.0,16428.0,28875.0,13008.0,1233.0,17145.0,7787.0,5709.0,15770.0
hsa-miR-199a-5p,46678.0,70864.0,27425.0,14585.0,23172.0,10519.0,19926.0,8514.0,17030.0,7807.0
hsa-miR-199b-3p,877.0,15271.0,15245.0,2085.0,16226.0,13547.0,24262.0,5225.0,9008.0,17.0
hsa-miR-199b-5p,485.0,642.0,410.0,868.0,224.0,441.0,395.0,73.0,130.0,369.0
hsa-miR-19a-3p,3992.0,4783.0,2520.0,2923.0,3086.0,1358.0,2441.0,1602.0,1852.0,1300.0
hsa-miR-19b-1-5p,22.0,0.0,0.0,0.0,0.0,0.0,0.0,0.0,0.0,0.0
hsa-miR-19b-3p,11794.0,16314.0,10012.0,8954.0,11310.0,4822.0,9738.0,5857.0,6332.0,4532.0
hsa-miR-200a-3p,38.0,129.0,20.0,23.0,40.0,74.0,118.0,0.0,33.0,14.0
hsa-miR-200a-5p,11.0,0.0,10.0,0.0,0.0,0.0,17.0,0.0,0.0,0.0
hsa-miR-200b-3p,62.0,82.0,16.0,46.0,40.0,99.0,23.0,30.0,0.0,0.0
hsa-miR-200b-5p,0.0,20.0,0.0,0.0,0.0,0.0,0.0,0.0,0.0,0.0
hsa-miR-200c-3p,148.0,568.0,175.0,145.0,57.0,52.0,89.0,88.0,90.0,70.0
hsa-miR-202-3p,0.0,6.0,0.0,0.0,0.0,0.0,0.0,0.0,0.0,0.0
hsa-miR-203a-3p,8.0,111.0,21.0,84.0,554.0,23.0,68.0,25.0,590.0,197.0
hsa-miR-204-3p,0.0,0.0,0.0,1.0,0.0,3.0,0.0,0.0,0.0,0.0
hsa-miR-204-5p,4.0,30.0,0.0,0.0,0.0,14.0,15.0,0.0,8.0,0.0
hsa-miR-205-5p,72.0,42.0,78.0,160.0,171.0,80.0,322.0,245.0,166.0,38.0
hsa-miR-206,42.0,0.0,0.0,16.0,27.0,0.0,18.0,93.0,52.0,0.0
hsa-miR-208a-5p,17.0,0.0,0.0,0.0,0.0,0.0,0.0,0.0,0.0,0.0
hsa-miR-208b-3p,18.0,0.0,0.0,0.0,0.0,0.0,0.0,0.0,0.0,0.0
hsa-miR-20a-3p,40.0,41.0,0.0,46.0,34.0,20.0,48.0,15.0,0.0,0.0
hsa-miR-20a-5p,6420.0,11217.0,3272.0,4279.0,2900.0,2163.0,4391.0,1939.0,2173.0,1544.0
hsa-miR-20b-3p,23.0,25.0,13.0,0.0,2.0,0.0,0.0,0.0,0.0,43.0
hsa-miR-20b-5p,126.0,879.0,463.0,733.0,301.0,392.0,296.0,263.0,253.0,175.0
hsa-miR-21-3p,1176.0,1493.0,440.0,750.0,939.0,292.0,589.0,312.0,488.0,329.0
hsa-miR-21-5p,434549.0,703037.0,192693.0,176986.0,152806.0,88612.0,213851.0,85975.0,105152.0,66558.0
hsa-miR-210-3p,187.0,604.0,224.0,254.0,236.0,130.0,206.0,74.0,204.0,158.0
hsa-miR-211-5p,0.0,12.0,0.0,0.0,0.0,0.0,20.0,0.0,0.0,0.0
hsa-miR-2110,464.0,903.0,206.0,367.0,120.0,131.0,232.0,130.0,144.0,202.0
hsa-miR-2115-3p,0.0,2.0,0.0,0.0,0.0,0.0,0.0,0.0,0.0,0.0
hsa-miR-2115-5p,0.0,10.0,0.0,0.0,0.0,0.0,0.0,0.0,0.0,0.0
hsa-miR-2116-3p,0.0,14.0,0.0,0.0,0.0,0.0,0.0,0.0,0.0,0.0
hsa-miR-2117,0.0,0.0,1.0,0.0,0.0,0.0,0.0,0.0,0.0,0.0
hsa-miR-212-3p,0.0,0.0,0.0,0.0,0.0,0.0,4.0,0.0,0.0,0.0
hsa-miR-214-3p,25.0,7.0,0.0,0.0,0.0,16.0,0.0,0.0,0.0,0.0
hsa-miR-214-5p,13.0,0.0,0.0,17.0,0.0,0.0,0.0,0.0,11.0,0.0
hsa-miR-215-5p,41.0,0.0,5.0,15.0,17.0,3.0,0.0,0.0,0.0,17.0
hsa-miR-216a-5p,0.0,0.0,0.0,33.0,0.0,0.0,0.0,0.0,0.0,0.0
hsa-miR-218-5p,5.0,0.0,27.0,32.0,0.0,0.0,0.0,0.0,0.0,0.0
hsa-miR-219a-1-3p,0.0,0.0,0.0,39.0,0.0,0.0,0.0,0.0,0.0,0.0
hsa-miR-219a-2-3p,0.0,0.0,0.0,0.0,0.0,0.0,9.0,0.0,0.0,0.0
hsa-miR-219a-5p,0.0,8.0,0.0,0.0,16.0,0.0,0.0,0.0,0.0,18.0
hsa-miR-22-3p,69774.0,125981.0,36082.0,34211.0,38253.0,27549.0,44822.0,24198.0,36732.0,21141.0
hsa-miR-22-5p,579.0,634.0,273.0,267.0,207.0,141.0,266.0,136.0,176.0,75.0
hsa-miR-221-3p,144264.0,136803.0,34729.0,46827.0,43108.0,16804.0,44449.0,20897.0,23458.0,15601.0
hsa-miR-221-5p,971.0,980.0,185.0,186.0,188.0,180.0,266.0,75.0,174.0,75.0
hsa-miR-222-3p,22762.0,22707.0,7427.0,8542.0,8679.0,3469.0,8690.0,3829.0,3142.0,2328.0
hsa-miR-222-5p,0.0,0.0,0.0,18.0,0.0,15.0,0.0,0.0,0.0,13.0
hsa-miR-223-3p,73631.0,80333.0,20034.0,33501.0,31754.0,16243.0,39788.0,8014.0,18791.0,14249.0
hsa-miR-223-5p,575.0,615.0,149.0,555.0,212.0,107.0,258.0,10.0,326.0,257.0
hsa-miR-224-3p,0.0,6.0,0.0,0.0,0.0,0.0,0.0,25.0,0.0,0.0
hsa-miR-224-5p,1566.0,1625.0,509.0,386.0,97.0,188.0,284.0,146.0,149.0,202.0
hsa-miR-2277-5p,15.0,0.0,0.0,0.0,25.0,0.0,0.0,0.0,0.0,12.0
hsa-miR-2355-3p,267.0,252.0,78.0,38.0,85.0,16.0,195.0,126.0,40.0,31.0
hsa-miR-2355-5p,77.0,95.0,48.0,30.0,79.0,78.0,148.0,40.0,52.0,83.0
hsa-miR-23a-3p,22928.0,20012.0,6106.0,7646.0,8747.0,4677.0,11309.0,4352.0,5572.0,4093.0
hsa-miR-23a-5p,403.0,442.0,137.0,396.0,339.0,132.0,76.0,47.0,206.0,226.0
hsa-miR-23b-3p,3349.0,2312.0,689.0,877.0,1400.0,640.0,1451.0,494.0,590.0,457.0
hsa-miR-23b-5p,16.0,7.0,12.0,58.0,24.0,10.0,41.0,39.0,32.0,23.0
hsa-miR-24-1-5p,17.0,41.0,0.0,0.0,38.0,0.0,17.0,16.0,0.0,0.0
hsa-miR-24-2-5p,515.0,642.0,96.0,285.0,442.0,103.0,307.0,173.0,166.0,168.0
hsa-miR-24-3p,26573.0,17912.0,4113.0,11226.0,10668.0,2320.0,7447.0,2671.0,6383.0,3234.0
hsa-miR-25-3p,29006.0,53586.0,25324.0,33964.0,22725.0,18470.0,20115.0,15174.0,12923.0,20833.0
hsa-miR-25-5p,122.0,84.0,92.0,71.0,89.0,0.0,16.0,27.0,31.0,21.0
hsa-miR-2681-3p,0.0,0.0,0.0,0.0,16.0,0.0,0.0,0.0,0.0,0.0
hsa-miR-26a-1-3p,16.0,0.0,0.0,0.0,0.0,0.0,0.0,0.0,0.0,0.0
hsa-miR-26a-2-3p,22.0,1.0,0.0,0.0,12.0,0.0,0.0,0.0,25.0,5.0
hsa-miR-26a-5p,118397.0,166504.0,48306.0,46902.0,42183.0,33974.0,65003.0,23653.0,30441.0,19073.0
hsa-miR-26b-3p,64.0,205.0,53.0,66.0,39.0,28.0,59.0,28.0,46.0,83.0
hsa-miR-26b-5p,26176.0,39243.0,11740.0,15488.0,10355.0,12362.0,19677.0,5732.0,6905.0,6956.0
hsa-miR-27a-3p,9110.0,11101.0,5350.0,4423.0,7907.0,2730.0,6125.0,3446.0,4843.0,2944.0
hsa-miR-27a-5p,12.0,385.0,220.0,252.0,231.0,136.0,217.0,135.0,325.0,453.0
hsa-miR-27b-3p,55709.0,48182.0,15600.0,14182.0,17944.0,10777.0,16084.0,7371.0,15630.0,6449.0
hsa-miR-27b-5p,118.0,125.0,57.0,39.0,27.0,20.0,88.0,25.0,38.0,16.0
hsa-miR-28-3p,11362.0,11841.0,2662.0,3498.0,2958.0,1304.0,4227.0,1995.0,2296.0,2152.0
hsa-miR-28-5p,3782.0,2892.0,527.0,678.0,886.0,420.0,1441.0,282.0,626.0,584.0
hsa-miR-296-3p,50.0,0.0,48.0,23.0,52.0,9.0,3.0,25.0,0.0,299.0
hsa-miR-296-5p,46.0,10.0,29.0,25.0,14.0,18.0,0.0,0.0,0.0,3.0
hsa-miR-299-3p,103.0,48.0,104.0,35.0,69.0,0.0,126.0,3.0,0.0,19.0
hsa-miR-299-5p,13.0,8.0,33.0,0.0,0.0,0.0,0.0,0.0,0.0,0.0
hsa-miR-29a-3p,4295.0,6215.0,2614.0,2259.0,3172.0,3125.0,4386.0,2332.0,2442.0,2197.0
hsa-miR-29a-5p,0.0,11.0,0.0,13.0,17.0,6.0,0.0,0.0,0.0,6.0
hsa-miR-29b-1-5p,0.0,0.0,0.0,15.0,0.0,0.0,12.0,0.0,0.0,2.0
hsa-miR-29b-2-5p,6.0,84.0,19.0,131.0,0.0,20.0,43.0,42.0,74.0,26.0
hsa-miR-29b-3p,183.0,64.0,105.0,107.0,169.0,150.0,107.0,183.0,291.0,96.0
hsa-miR-29c-3p,505.0,490.0,205.0,396.0,523.0,317.0,555.0,180.0,269.0,277.0
hsa-miR-29c-5p,52.0,72.0,26.0,26.0,37.0,26.0,48.0,0.0,44.0,0.0
hsa-miR-301a-3p,245.0,299.0,63.0,119.0,67.0,30.0,79.0,34.0,100.0,18.0
hsa-miR-301a-5p,117.0,125.0,42.0,16.0,63.0,2.0,24.0,0.0,0.0,11.0
hsa-miR-301b-3p,28.0,0.0,0.0,0.0,0.0,0.0,6.0,0.0,0.0,0.0
hsa-miR-301b-5p,0.0,2.0,0.0,0.0,0.0,0.0,0.0,0.0,0.0,0.0
hsa-miR-3064-3p,0.0,0.0,23.0,0.0,0.0,25.0,0.0,0.0,0.0,0.0
hsa-miR-3064-5p,0.0,11.0,0.0,9.0,0.0,0.0,0.0,0.0,0.0,0.0
hsa-miR-3065-3p,21.0,1.0,0.0,0.0,0.0,0.0,0.0,0.0,0.0,0.0
hsa-miR-3065-5p,23.0,0.0,13.0,0.0,0.0,0.0,3.0,0.0,0.0,15.0
hsa-miR-3074-3p,0.0,0.0,0.0,0.0,13.0,0.0,0.0,0.0,0.0,0.0
hsa-miR-3074-5p,0.0,0.0,57.0,0.0,37.0,13.0,0.0,0.0,13.0,15.0
hsa-miR-30a-3p,152.0,200.0,0.0,37.0,103.0,122.0,109.0,38.0,93.0,95.0
hsa-miR-30a-5p,6936.0,12467.0,2942.0,3508.0,5360.0,3387.0,4013.0,3172.0,4013.0,3272.0
hsa-miR-30b-3p,104.0,88.0,14.0,6.0,54.0,8.0,118.0,0.0,13.0,0.0
hsa-miR-30b-5p,9354.0,10623.0,4312.0,3134.0,5103.0,2831.0,5957.0,2340.0,2407.0,1530.0
hsa-miR-30c-1-3p,118.0,151.0,52.0,53.0,20.0,0.0,41.0,0.0,23.0,9.0
hsa-miR-30c-2-3p,35.0,99.0,6.0,0.0,27.0,12.0,25.0,22.0,0.0,9.0
hsa-miR-30c-5p,20394.0,26844.0,8786.0,9024.0,9238.0,9074.0,13143.0,4747.0,5580.0,4438.0
hsa-miR-30d-3p,300.0,170.0,185.0,135.0,144.0,30.0,186.0,14.0,73.0,40.0
hsa-miR-30d-5p,87714.0,105260.0,39338.0,34775.0,40529.0,21364.0,44277.0,18753.0,21614.0,16532.0
hsa-miR-30e-3p,2391.0,2233.0,864.0,923.0,698.0,653.0,1192.0,452.0,187.0,329.0
hsa-miR-30e-5p,89670.0,147821.0,55256.0,57679.0,62668.0,32394.0,59209.0,28124.0,34755.0,30337.0
hsa-miR-31-5p,61.0,16.0,6.0,0.0,4.0,0.0,26.0,38.0,17.0,0.0
hsa-miR-3120-3p,13.0,49.0,0.0,0.0,28.0,12.0,2.0,0.0,0.0,0.0
hsa-miR-3120-5p,0.0,0.0,0.0,0.0,28.0,0.0,0.0,0.0,0.0,0.0
hsa-miR-3121-3p,0.0,0.0,0.0,0.0,14.0,0.0,0.0,0.0,0.0,0.0
hsa-miR-3124-5p,0.0,7.0,0.0,0.0,0.0,0.0,16.0,0.0,0.0,12.0
hsa-miR-3127-3p,0.0,12.0,0.0,0.0,0.0,0.0,0.0,2.0,0.0,0.0
hsa-miR-3127-5p,12.0,0.0,0.0,0.0,0.0,0.0,0.0,0.0,0.0,0.0
hsa-miR-3128,0.0,0.0,17.0,0.0,0.0,0.0,0.0,0.0,0.0,0.0
hsa-miR-3135a,0.0,3.0,0.0,0.0,0.0,0.0,0.0,0.0,0.0,0.0
hsa-miR-3136-5p,8.0,0.0,0.0,0.0,14.0,0.0,0.0,0.0,0.0,0.0
hsa-miR-3140-3p,0.0,7.0,0.0,0.0,0.0,0.0,0.0,0.0,0.0,0.0
hsa-miR-3140-5p,0.0,0.0,0.0,15.0,0.0,0.0,0.0,18.0,0.0,25.0
hsa-miR-3142,0.0,9.0,0.0,0.0,0.0,0.0,0.0,0.0,0.0,0.0
hsa-miR-3143,0.0,20.0,0.0,9.0,0.0,40.0,11.0,0.0,0.0,6.0
hsa-miR-3144-3p,16.0,0.0,0.0,0.0,0.0,2.0,0.0,0.0,0.0,0.0
hsa-miR-3146,0.0,0.0,18.0,0.0,0.0,0.0,0.0,0.0,0.0,0.0
hsa-miR-3152-5p,0.0,0.0,0.0,0.0,11.0,0.0,0.0,0.0,0.0,0.0
hsa-miR-3157-3p,26.0,0.0,0.0,0.0,0.0,0.0,0.0,0.0,0.0,0.0
hsa-miR-3157-5p,0.0,0.0,0.0,0.0,0.0,0.0,0.0,0.0,0.0,11.0
hsa-miR-3158-3p,69.0,13.0,44.0,48.0,12.0,0.0,0.0,0.0,23.0,0.0
hsa-miR-3161,8.0,0.0,0.0,0.0,0.0,23.0,18.0,0.0,0.0,0.0
hsa-miR-3163,0.0,0.0,0.0,0.0,0.0,0.0,0.0,16.0,0.0,0.0
hsa-miR-3164,0.0,0.0,0.0,0.0,0.0,0.0,0.0,0.0,0.0,11.0
hsa-miR-3173-3p,0.0,0.0,2.0,0.0,0.0,0.0,0.0,0.0,0.0,0.0
hsa-miR-3173-5p,1.0,0.0,0.0,8.0,11.0,77.0,0.0,0.0,0.0,0.0
hsa-miR-3174,0.0,0.0,0.0,0.0,0.0,0.0,19.0,0.0,0.0,0.0
hsa-miR-3175,0.0,0.0,1.0,0.0,0.0,0.0,6.0,0.0,0.0,0.0
hsa-miR-3176,0.0,0.0,0.0,0.0,0.0,0.0,0.0,0.0,0.0,13.0
hsa-miR-3177-3p,70.0,118.0,18.0,25.0,23.0,0.0,50.0,0.0,0.0,0.0
hsa-miR-3178,9.0,4.0,0.0,0.0,2.0,0.0,0.0,0.0,33.0,1.0
hsa-miR-3179,0.0,0.0,0.0,0.0,0.0,0.0,0.0,30.0,0.0,0.0
hsa-miR-3180-3p,0.0,0.0,12.0,0.0,0.0,0.0,0.0,0.0,0.0,0.0
hsa-miR-3182,74.0,45.0,9.0,57.0,6.0,0.0,16.0,5.0,71.0,40.0
hsa-miR-3187-3p,0.0,14.0,34.0,0.0,0.0,0.0,21.0,0.0,0.0,0.0
hsa-miR-3187-5p,0.0,0.0,11.0,0.0,0.0,0.0,0.0,0.0,0.0,0.0
hsa-miR-3192-3p,0.0,0.0,0.0,0.0,0.0,0.0,0.0,24.0,0.0,0.0
hsa-miR-3192-5p,0.0,0.0,0.0,14.0,0.0,20.0,0.0,0.0,0.0,0.0
hsa-miR-3195,0.0,0.0,0.0,3.0,0.0,2.0,0.0,0.0,0.0,3.0
hsa-miR-3196,2.0,2.0,0.0,2.0,0.0,1.0,0.0,0.0,0.0,0.0
hsa-miR-32-3p,51.0,26.0,0.0,0.0,37.0,17.0,16.0,0.0,0.0,31.0
hsa-miR-32-5p,163.0,281.0,107.0,44.0,137.0,141.0,97.0,102.0,17.0,83.0
hsa-miR-3200-3p,11.0,0.0,23.0,0.0,0.0,0.0,31.0,10.0,0.0,0.0
hsa-miR-3200-5p,0.0,26.0,0.0,24.0,9.0,0.0,0.0,0.0,0.0,44.0
hsa-miR-3202,22.0,0.0,0.0,0.0,0.0,0.0,0.0,0.0,0.0,0.0
hsa-miR-320a-3p,112394.0,172446.0,35216.0,70621.0,52827.0,20452.0,41159.0,37191.0,33505.0,39363.0
hsa-miR-320a-5p,2.0,0.0,0.0,1.0,0.0,0.0,0.0,0.0,22.0,10.0
hsa-miR-320b,1251.0,548.0,182.0,255.0,232.0,329.0,404.0,215.0,338.0,253.0
hsa-miR-320c,232.0,202.0,33.0,139.0,32.0,24.0,122.0,14.0,180.0,263.0
hsa-miR-320d,18.0,95.0,31.0,39.0,30.0,79.0,18.0,38.0,0.0,21.0
hsa-miR-320e,0.0,0.0,9.0,25.0,0.0,0.0,0.0,0.0,0.0,22.0
hsa-miR-323a-3p,375.0,308.0,108.0,63.0,60.0,72.0,328.0,38.0,90.0,36.0
hsa-miR-323a-5p,26.0,0.0,0.0,10.0,0.0,0.0,0.0,0.0,0.0,0.0
hsa-miR-323b-3p,342.0,217.0,270.0,65.0,56.0,22.0,177.0,29.0,16.0,25.0
hsa-miR-324-3p,33.0,12.0,17.0,0.0,0.0,2.0,37.0,0.0,0.0,12.0
hsa-miR-324-5p,66.0,137.0,50.0,52.0,71.0,59.0,146.0,64.0,0.0,13.0
hsa-miR-326,104.0,105.0,58.0,19.0,78.0,9.0,113.0,34.0,58.0,37.0
hsa-miR-328-3p,1415.0,1548.0,831.0,372.0,921.0,368.0,1183.0,253.0,517.0,305.0
hsa-miR-328-5p,0.0,0.0,0.0,0.0,0.0,1.0,0.0,0.0,0.0,0.0
hsa-miR-329-3p,328.0,398.0,156.0,50.0,46.0,133.0,302.0,159.0,46.0,14.0
hsa-miR-329-5p,0.0,16.0,23.0,0.0,0.0,0.0,0.0,0.0,0.0,0.0
hsa-miR-330-3p,836.0,1111.0,227.0,386.0,483.0,100.0,318.0,153.0,187.0,196.0
hsa-miR-330-5p,72.0,50.0,0.0,38.0,41.0,3.0,38.0,0.0,37.0,28.0
hsa-miR-331-3p,52.0,79.0,32.0,37.0,84.0,24.0,40.0,32.0,25.0,22.0
hsa-miR-331-5p,52.0,196.0,107.0,37.0,36.0,52.0,130.0,102.0,55.0,69.0
hsa-miR-335-3p,389.0,466.0,111.0,66.0,181.0,200.0,378.0,28.0,29.0,81.0
hsa-miR-335-5p,7537.0,11053.0,2606.0,2955.0,3196.0,1449.0,4730.0,1715.0,1110.0,1340.0
hsa-miR-337-3p,14.0,73.0,96.0,21.0,57.0,9.0,28.0,0.0,21.0,19.0
hsa-miR-337-5p,0.0,9.0,0.0,0.0,4.0,0.0,16.0,0.0,0.0,0.0
hsa-miR-338-3p,49.0,27.0,87.0,91.0,101.0,8.0,51.0,0.0,0.0,35.0
hsa-miR-338-5p,164.0,2.0,0.0,8.0,28.0,0.0,0.0,0.0,28.0,0.0
hsa-miR-339-3p,1084.0,891.0,342.0,241.0,431.0,166.0,504.0,93.0,367.0,153.0
hsa-miR-339-5p,2303.0,2909.0,1734.0,615.0,1645.0,600.0,1889.0,811.0,771.0,458.0
hsa-miR-33a-3p,26.0,15.0,45.0,3.0,1.0,0.0,0.0,0.0,0.0,0.0
hsa-miR-33a-5p,198.0,278.0,129.0,46.0,178.0,35.0,131.0,3.0,109.0,19.0
hsa-miR-33b-3p,0.0,0.0,0.0,0.0,0.0,0.0,0.0,0.0,32.0,0.0
hsa-miR-33b-5p,0.0,21.0,0.0,0.0,37.0,0.0,0.0,7.0,15.0,0.0
hsa-miR-340-3p,276.0,223.0,40.0,99.0,21.0,47.0,112.0,0.0,24.0,14.0
hsa-miR-340-5p,8947.0,11309.0,3856.0,3236.0,3711.0,1594.0,3986.0,1534.0,1954.0,1525.0
hsa-miR-342-3p,2746.0,2297.0,1361.0,1256.0,1933.0,1253.0,1739.0,1934.0,1281.0,1323.0
hsa-miR-342-5p,119.0,217.0,111.0,104.0,126.0,38.0,132.0,26.0,65.0,95.0
hsa-miR-345-5p,196.0,419.0,170.0,170.0,138.0,100.0,244.0,39.0,100.0,80.0
hsa-miR-34a-5p,21.0,12.0,0.0,2.0,14.0,40.0,36.0,27.0,13.0,40.0
hsa-miR-34c-5p,33.0,8.0,46.0,19.0,24.0,0.0,20.0,41.0,25.0,84.0
hsa-miR-3605-3p,0.0,8.0,9.0,0.0,14.0,0.0,0.0,0.0,0.0,10.0
hsa-miR-3605-5p,0.0,15.0,3.0,16.0,0.0,0.0,8.0,0.0,0.0,0.0
hsa-miR-3609,0.0,1.0,0.0,0.0,0.0,0.0,0.0,0.0,0.0,0.0
hsa-miR-361-3p,1724.0,2243.0,983.0,915.0,658.0,631.0,1064.0,480.0,556.0,395.0
hsa-miR-361-5p,3419.0,3117.0,754.0,995.0,765.0,752.0,1592.0,273.0,606.0,437.0
hsa-miR-3611,54.0,47.0,15.0,11.0,6.0,13.0,20.0,0.0,0.0,26.0
hsa-miR-3613-3p,164.0,70.0,86.0,94.0,31.0,24.0,24.0,101.0,8.0,22.0
hsa-miR-3613-5p,553.0,643.0,298.0,168.0,470.0,280.0,380.0,108.0,300.0,169.0
hsa-miR-3614-3p,0.0,9.0,0.0,0.0,0.0,0.0,0.0,0.0,57.0,0.0
hsa-miR-3614-5p,0.0,6.0,0.0,20.0,0.0,0.0,3.0,0.0,0.0,15.0
hsa-miR-3615,728.0,822.0,460.0,443.0,797.0,282.0,416.0,349.0,267.0,356.0
hsa-miR-3617-3p,0.0,0.0,0.0,0.0,15.0,0.0,0.0,0.0,0.0,0.0
hsa-miR-3617-5p,33.0,0.0,0.0,0.0,0.0,0.0,0.0,0.0,0.0,0.0
hsa-miR-362-3p,5.0,13.0,0.0,11.0,0.0,0.0,0.0,0.0,0.0,0.0
hsa-miR-362-5p,67.0,110.0,88.0,18.0,77.0,59.0,62.0,37.0,22.0,56.0
hsa-miR-3620-3p,0.0,0.0,0.0,0.0,0.0,0.0,4.0,0.0,0.0,0.0
hsa-miR-3620-5p,0.0,0.0,0.0,6.0,0.0,0.0,0.0,0.0,0.0,0.0
hsa-miR-363-3p,1737.0,4527.0,2523.0,2694.0,2706.0,3111.0,3122.0,1852.0,965.0,1331.0
hsa-miR-363-5p,0.0,5.0,0.0,0.0,0.0,0.0,0.0,0.0,0.0,0.0
hsa-miR-3648,33.0,11.0,9.0,9.0,9.0,5.0,4.0,1.0,0.0,17.0
hsa-miR-365a-3p,28.0,71.0,14.0,42.0,10.0,18.0,23.0,0.0,76.0,0.0
hsa-miR-365b-3p,0.0,0.0,0.0,0.0,0.0,0.0,38.0,80.0,0.0,0.0
hsa-miR-365b-5p,0.0,0.0,0.0,0.0,0.0,0.0,0.0,6.0,0.0,0.0
hsa-miR-3665,8.0,8.0,2.0,6.0,9.0,9.0,0.0,0.0,1.0,10.0
hsa-miR-3675-5p,14.0,0.0,0.0,0.0,0.0,0.0,0.0,0.0,0.0,10.0
hsa-miR-3677-3p,0.0,0.0,0.0,0.0,0.0,0.0,0.0,0.0,0.0,15.0
hsa-miR-3677-5p,0.0,0.0,0.0,0.0,0.0,0.0,0.0,0.0,0.0,1.0
hsa-miR-3678-5p,0.0,6.0,0.0,0.0,0.0,0.0,0.0,0.0,0.0,0.0
hsa-miR-3679-5p,14.0,16.0,0.0,0.0,0.0,3.0,0.0,0.0,25.0,0.0
hsa-miR-3680-3p,0.0,0.0,0.0,0.0,0.0,0.0,22.0,0.0,0.0,0.0
hsa-miR-3684,0.0,0.0,0.0,0.0,35.0,0.0,0.0,0.0,0.0,0.0
hsa-miR-3688-3p,0.0,34.0,13.0,0.0,0.0,0.0,0.0,101.0,36.0,17.0
hsa-miR-369-3p,921.0,995.0,533.0,176.0,288.0,260.0,1153.0,111.0,129.0,153.0
hsa-miR-369-5p,31.0,13.0,18.0,1.0,0.0,10.0,0.0,0.0,0.0,0.0
hsa-miR-3691-5p,0.0,0.0,0.0,0.0,18.0,0.0,0.0,0.0,0.0,0.0
hsa-miR-3692-3p,20.0,0.0,0.0,0.0,0.0,0.0,0.0,0.0,0.0,0.0
hsa-miR-370-3p,690.0,932.0,757.0,239.0,397.0,179.0,847.0,252.0,504.0,158.0
hsa-miR-370-5p,0.0,18.0,17.0,0.0,0.0,0.0,24.0,0.0,12.0,0.0
hsa-miR-373-3p,0.0,11.0,0.0,0.0,0.0,0.0,0.0,0.0,0.0,0.0
hsa-miR-374a-3p,158.0,528.0,182.0,190.0,177.0,186.0,291.0,36.0,97.0,64.0
hsa-miR-374a-5p,2817.0,3459.0,1427.0,1434.0,1712.0,1262.0,2481.0,1004.0,690.0,551.0
hsa-miR-374b-3p,0.0,31.0,26.0,29.0,21.0,20.0,0.0,0.0,0.0,0.0
hsa-miR-374b-5p,136.0,303.0,6.0,55.0,366.0,228.0,0.0,216.0,146.0,171.0
hsa-miR-375-3p,57.0,2.0,0.0,0.0,0.0,0.0,62.0,25.0,83.0,28.0
hsa-miR-376a-3p,54.0,52.0,72.0,3.0,17.0,0.0,28.0,0.0,0.0,0.0
hsa-miR-376a-5p,0.0,0.0,0.0,0.0,0.0,0.0,11.0,0.0,0.0,0.0
hsa-miR-376b-3p,0.0,18.0,7.0,0.0,0.0,0.0,0.0,0.0,0.0,0.0
hsa-miR-376b-5p,0.0,21.0,0.0,0.0,0.0,0.0,11.0,0.0,0.0,0.0
hsa-miR-376c-3p,342.0,119.0,94.0,108.0,59.0,16.0,258.0,66.0,103.0,22.0
hsa-miR-376c-5p,5.0,0.0,0.0,0.0,10.0,0.0,0.0,0.0,0.0,0.0
hsa-miR-377-3p,213.0,105.0,47.0,0.0,17.0,25.0,107.0,16.0,68.0,0.0
hsa-miR-377-5p,134.0,61.0,88.0,90.0,83.0,14.0,93.0,6.0,69.0,0.0
hsa-miR-378a-3p,5619.0,6427.0,1925.0,4245.0,2453.0,918.0,2004.0,2218.0,1503.0,1891.0
hsa-miR-378a-5p,23.0,55.0,18.0,13.0,10.0,15.0,32.0,0.0,0.0,37.0
hsa-miR-378c,689.0,196.0,447.0,55.0,488.0,135.0,418.0,81.0,78.0,412.0
hsa-miR-378d,57.0,60.0,65.0,0.0,61.0,0.0,13.0,55.0,0.0,154.0
hsa-miR-378e,0.0,0.0,4.0,0.0,0.0,0.0,0.0,0.0,0.0,0.0
hsa-miR-378f,0.0,0.0,0.0,1.0,0.0,0.0,0.0,0.0,0.0,0.0
hsa-miR-378i,0.0,0.0,0.0,0.0,1.0,1.0,0.0,0.0,0.0,0.0
hsa-miR-379-3p,67.0,38.0,44.0,5.0,11.0,41.0,40.0,0.0,0.0,12.0
hsa-miR-379-5p,815.0,570.0,365.0,165.0,77.0,88.0,582.0,42.0,101.0,87.0
hsa-miR-380-3p,0.0,0.0,37.0,0.0,1.0,0.0,0.0,0.0,12.0,0.0
hsa-miR-380-5p,0.0,49.0,14.0,0.0,0.0,0.0,0.0,0.0,0.0,11.0
hsa-miR-381-3p,1012.0,850.0,965.0,187.0,314.0,151.0,948.0,167.0,472.0,134.0
hsa-miR-381-5p,0.0,0.0,0.0,19.0,0.0,0.0,0.0,0.0,0.0,0.0
hsa-miR-382-3p,457.0,253.0,195.0,14.0,92.0,25.0,187.0,5.0,95.0,48.0
hsa-miR-382-5p,925.0,1024.0,235.0,226.0,218.0,52.0,627.0,216.0,252.0,127.0
hsa-miR-3907,0.0,0.0,21.0,0.0,0.0,0.0,0.0,0.0,0.0,0.0
hsa-miR-3909,0.0,1.0,15.0,14.0,14.0,0.0,0.0,0.0,17.0,3.0
hsa-miR-3911,0.0,0.0,0.0,30.0,0.0,0.0,0.0,0.0,0.0,0.0
hsa-miR-3912-3p,0.0,0.0,17.0,0.0,4.0,0.0,23.0,0.0,0.0,0.0
hsa-miR-3913-5p,0.0,0.0,0.0,0.0,11.0,2.0,0.0,11.0,0.0,22.0
hsa-miR-3916,0.0,18.0,0.0,11.0,16.0,8.0,0.0,0.0,0.0,23.0
hsa-miR-3922-3p,61.0,0.0,0.0,33.0,25.0,0.0,0.0,0.0,0.0,0.0
hsa-miR-3928-3p,85.0,76.0,15.0,3.0,16.0,0.0,20.0,1.0,20.0,0.0
hsa-miR-3929,0.0,8.0,0.0,0.0,0.0,0.0,0.0,0.0,0.0,0.0
hsa-miR-3936,17.0,0.0,0.0,0.0,0.0,0.0,0.0,0.0,0.0,0.0
hsa-miR-3939,13.0,11.0,17.0,0.0,0.0,0.0,15.0,0.0,0.0,0.0
hsa-miR-3940-3p,18.0,0.0,5.0,37.0,26.0,0.0,0.0,0.0,0.0,0.0
hsa-miR-3944-3p,0.0,0.0,0.0,4.0,0.0,0.0,0.0,0.0,0.0,0.0
hsa-miR-3944-5p,0.0,0.0,0.0,0.0,0.0,0.0,19.0,0.0,0.0,39.0
hsa-miR-3960,41.0,19.0,2.0,26.0,4.0,16.0,8.0,2.0,1.0,21.0
hsa-miR-409-3p,6986.0,6189.0,3297.0,858.0,1001.0,726.0,4441.0,1908.0,1329.0,745.0
hsa-miR-409-5p,374.0,208.0,187.0,61.0,54.0,139.0,323.0,0.0,62.0,11.0
hsa-miR-410-3p,462.0,614.0,399.0,52.0,61.0,53.0,487.0,29.0,34.0,68.0
hsa-miR-410-5p,0.0,0.0,0.0,0.0,0.0,0.0,0.0,0.0,11.0,0.0
hsa-miR-411-3p,66.0,57.0,32.0,0.0,0.0,23.0,59.0,56.0,0.0,0.0
hsa-miR-411-5p,82.0,334.0,149.0,38.0,57.0,23.0,100.0,0.0,16.0,41.0
hsa-miR-412-3p,0.0,0.0,0.0,0.0,4.0,0.0,0.0,0.0,0.0,0.0
hsa-miR-412-5p,3.0,106.0,0.0,7.0,0.0,9.0,45.0,0.0,0.0,0.0
hsa-miR-421,106.0,432.0,148.0,47.0,92.0,41.0,189.0,20.0,49.0,38.0
hsa-miR-423-3p,37640.0,1508.0,1748.0,10908.0,13592.0,5040.0,1707.0,6440.0,412.0,5569.0
hsa-miR-423-5p,62758.0,100611.0,6359.0,30470.0,25237.0,14047.0,28182.0,11711.0,6562.0,23550.0
hsa-miR-424-3p,135.0,201.0,84.0,46.0,12.0,103.0,73.0,81.0,0.0,99.0
hsa-miR-424-5p,234.0,528.0,203.0,66.0,191.0,240.0,279.0,124.0,114.0,125.0
hsa-miR-425-3p,1419.0,1339.0,428.0,647.0,719.0,412.0,692.0,318.0,612.0,343.0
hsa-miR-425-5p,5992.0,8158.0,2917.0,3054.0,3881.0,2449.0,3700.0,1757.0,2175.0,1566.0
hsa-miR-4284,0.0,4.0,0.0,0.0,0.0,0.0,0.0,0.0,0.0,0.0
hsa-miR-4286,194.0,150.0,58.0,30.0,87.0,24.0,66.0,20.0,28.0,47.0
hsa-miR-429,19.0,33.0,0.0,0.0,0.0,7.0,0.0,39.0,0.0,0.0
hsa-miR-4306,126.0,0.0,69.0,77.0,25.0,28.0,0.0,12.0,10.0,0.0
hsa-miR-431-3p,130.0,183.0,87.0,45.0,131.0,26.0,86.0,68.0,0.0,17.0
hsa-miR-431-5p,182.0,187.0,69.0,49.0,52.0,36.0,237.0,40.0,53.0,8.0
hsa-miR-432-5p,355.0,463.0,155.0,136.0,88.0,10.0,278.0,145.0,75.0,82.0
hsa-miR-4326,107.0,55.0,28.0,33.0,9.0,5.0,44.0,0.0,48.0,43.0
hsa-miR-433-3p,313.0,424.0,134.0,48.0,118.0,96.0,345.0,30.0,211.0,89.0
hsa-miR-433-5p,23.0,0.0,0.0,0.0,0.0,0.0,0.0,0.0,0.0,0.0
hsa-miR-4422,0.0,7.0,19.0,0.0,0.0,0.0,12.0,0.0,0.0,0.0
hsa-miR-4423-3p,0.0,0.0,0.0,22.0,0.0,0.0,0.0,0.0,0.0,0.0
hsa-miR-4433a-3p,0.0,0.0,0.0,0.0,0.0,0.0,6.0,0.0,0.0,0.0
hsa-miR-4433a-5p,0.0,0.0,0.0,0.0,0.0,0.0,0.0,29.0,0.0,0.0
hsa-miR-4433b-3p,345.0,98.0,332.0,72.0,81.0,24.0,170.0,0.0,0.0,18.0
hsa-miR-4433b-5p,48.0,878.0,1023.0,325.0,861.0,291.0,1508.0,165.0,428.0,231.0
hsa-miR-4435,41.0,18.0,0.0,27.0,15.0,0.0,4.0,0.0,0.0,0.0
hsa-miR-4436a,0.0,0.0,0.0,0.0,21.0,0.0,0.0,0.0,0.0,0.0
hsa-miR-4436b-3p,0.0,25.0,0.0,0.0,0.0,0.0,0.0,0.0,0.0,0.0
hsa-miR-4443,11.0,4.0,8.0,73.0,16.0,13.0,11.0,8.0,146.0,112.0
hsa-miR-4446-3p,137.0,142.0,26.0,84.0,64.0,0.0,48.0,45.0,30.0,65.0
hsa-miR-4449,0.0,0.0,0.0,0.0,0.0,4.0,0.0,0.0,0.0,0.0
hsa-miR-4454,0.0,0.0,0.0,0.0,0.0,0.0,0.0,0.0,0.0,1.0
hsa-miR-4463,0.0,0.0,0.0,8.0,0.0,0.0,0.0,0.0,0.0,0.0
hsa-miR-4466,0.0,0.0,5.0,0.0,0.0,0.0,0.0,0.0,0.0,0.0
hsa-miR-4467,0.0,37.0,0.0,0.0,0.0,0.0,0.0,0.0,0.0,0.0
hsa-miR-4469,0.0,0.0,0.0,0.0,16.0,0.0,0.0,0.0,0.0,0.0
hsa-miR-4470,0.0,0.0,6.0,0.0,0.0,0.0,0.0,0.0,0.0,0.0
hsa-miR-4473,0.0,22.0,0.0,0.0,0.0,0.0,0.0,0.0,0.0,0.0
hsa-miR-4474-3p,0.0,0.0,0.0,0.0,0.0,0.0,1.0,0.0,0.0,0.0
hsa-miR-4477b,0.0,0.0,0.0,0.0,0.0,0.0,11.0,0.0,0.0,0.0
hsa-miR-4482-5p,0.0,0.0,0.0,0.0,0.0,0.0,5.0,0.0,0.0,0.0
hsa-miR-4484,0.0,17.0,0.0,0.0,0.0,0.0,0.0,0.0,0.0,0.0
hsa-miR-4485-3p,129.0,164.0,64.0,270.0,62.0,16.0,83.0,37.0,72.0,33.0
hsa-miR-4487,34.0,0.0,0.0,0.0,0.0,0.0,0.0,0.0,0.0,0.0
hsa-miR-4488,27.0,48.0,2.0,0.0,0.0,55.0,17.0,0.0,20.0,13.0
hsa-miR-4489,0.0,0.0,14.0,0.0,0.0,0.0,0.0,0.0,0.0,0.0
hsa-miR-4492,15.0,1.0,0.0,2.0,18.0,0.0,0.0,15.0,0.0,9.0
hsa-miR-4497,14.0,1.0,0.0,0.0,0.0,1.0,3.0,0.0,3.0,0.0
hsa-miR-4498,0.0,0.0,0.0,0.0,0.0,0.0,9.0,0.0,0.0,0.0
hsa-miR-449c-5p,9.0,2.0,0.0,0.0,9.0,13.0,6.0,1.0,7.0,2.0
hsa-miR-4504,0.0,0.0,0.0,53.0,0.0,0.0,0.0,0.0,0.0,10.0
hsa-miR-4508,1484.0,479.0,349.0,1119.0,391.0,398.0,152.0,300.0,662.0,709.0
hsa-miR-450a-1-3p,0.0,14.0,0.0,0.0,0.0,4.0,0.0,0.0,18.0,0.0
hsa-miR-450a-5p,151.0,450.0,70.0,301.0,145.0,263.0,250.0,66.0,167.0,293.0
hsa-miR-450b-5p,84.0,193.0,28.0,77.0,88.0,121.0,64.0,31.0,68.0,68.0
hsa-miR-4511,0.0,0.0,13.0,0.0,0.0,17.0,0.0,0.0,0.0,0.0
hsa-miR-4516,35.0,8.0,0.0,27.0,8.0,32.0,5.0,0.0,13.0,13.0
hsa-miR-451a,18134.0,50894.0,41419.0,44915.0,61159.0,24110.0,50296.0,28371.0,16496.0,25926.0
hsa-miR-451b,0.0,0.0,0.0,0.0,0.0,0.0,0.0,0.0,1.0,0.0
hsa-miR-452-3p,58.0,42.0,13.0,0.0,0.0,14.0,33.0,0.0,32.0,0.0
hsa-miR-452-5p,265.0,304.0,118.0,114.0,18.0,0.0,88.0,64.0,22.0,46.0
hsa-miR-4521,39.0,111.0,0.0,36.0,9.0,17.0,9.0,0.0,0.0,14.0
hsa-miR-4523,0.0,13.0,0.0,0.0,0.0,0.0,0.0,0.0,0.0,0.0
hsa-miR-4533,13.0,7.0,0.0,0.0,0.0,0.0,21.0,0.0,0.0,0.0
hsa-miR-454-3p,75.0,284.0,148.0,99.0,102.0,42.0,131.0,65.0,125.0,32.0
hsa-miR-454-5p,47.0,16.0,11.0,30.0,16.0,1.0,46.0,0.0,0.0,16.0
hsa-miR-455-3p,0.0,0.0,12.0,0.0,0.0,52.0,0.0,0.0,0.0,0.0
hsa-miR-455-5p,0.0,3.0,6.0,1.0,30.0,14.0,20.0,0.0,0.0,0.0
hsa-miR-4637,0.0,0.0,0.0,0.0,0.0,0.0,0.0,0.0,0.0,13.0
hsa-miR-4638-5p,0.0,0.0,30.0,0.0,0.0,0.0,0.0,0.0,0.0,0.0
hsa-miR-4642,0.0,0.0,9.0,0.0,0.0,0.0,0.0,0.0,0.0,0.0
hsa-miR-4645-3p,96.0,136.0,14.0,28.0,1.0,0.0,11.0,37.0,0.0,2.0
hsa-miR-4651,0.0,0.0,0.0,0.0,0.0,0.0,4.0,0.0,0.0,0.0
hsa-miR-4655-5p,0.0,10.0,0.0,0.0,0.0,0.0,0.0,0.0,0.0,0.0
hsa-miR-4659a-3p,0.0,14.0,6.0,0.0,0.0,0.0,0.0,0.0,97.0,0.0
hsa-miR-4659b-3p,0.0,0.0,0.0,0.0,0.0,0.0,13.0,0.0,0.0,0.0
hsa-miR-4659b-5p,9.0,17.0,0.0,0.0,0.0,0.0,0.0,0.0,0.0,9.0
hsa-miR-4660,0.0,11.0,0.0,0.0,0.0,0.0,18.0,0.0,0.0,0.0
hsa-miR-4661-5p,0.0,6.0,0.0,0.0,0.0,0.0,0.0,0.0,0.0,0.0
hsa-miR-4662a-5p,0.0,0.0,0.0,0.0,0.0,12.0,0.0,0.0,0.0,0.0
hsa-miR-4664-3p,11.0,0.0,0.0,0.0,0.0,0.0,0.0,0.0,0.0,0.0
hsa-miR-4665-5p,51.0,82.0,0.0,20.0,24.0,1.0,40.0,38.0,53.0,0.0
hsa-miR-4672,0.0,24.0,0.0,0.0,0.0,0.0,0.0,0.0,7.0,0.0
hsa-miR-4676-3p,0.0,20.0,21.0,0.0,0.0,0.0,0.0,0.0,0.0,0.0
hsa-miR-4677-3p,101.0,33.0,11.0,15.0,25.0,0.0,0.0,14.0,6.0,0.0
hsa-miR-4683,0.0,0.0,0.0,6.0,0.0,0.0,0.0,0.0,0.0,4.0
hsa-miR-4685-3p,16.0,1.0,0.0,0.0,16.0,0.0,18.0,13.0,0.0,0.0
hsa-miR-4687-3p,0.0,6.0,26.0,0.0,18.0,0.0,0.0,0.0,0.0,0.0
hsa-miR-4688,0.0,24.0,0.0,0.0,0.0,0.0,0.0,0.0,0.0,0.0
hsa-miR-4695-3p,0.0,0.0,0.0,0.0,0.0,0.0,0.0,0.0,1.0,0.0
hsa-miR-4701-3p,0.0,16.0,0.0,0.0,0.0,0.0,0.0,0.0,0.0,0.0
hsa-miR-4701-5p,0.0,22.0,0.0,0.0,0.0,0.0,15.0,0.0,0.0,0.0
hsa-miR-4707-3p,0.0,0.0,0.0,0.0,0.0,1.0,0.0,0.0,0.0,0.0
hsa-miR-4710,0.0,11.0,4.0,0.0,0.0,0.0,1.0,0.0,0.0,0.0
hsa-miR-4712-5p,0.0,0.0,0.0,0.0,0.0,0.0,12.0,0.0,0.0,0.0
hsa-miR-4713-5p,0.0,0.0,0.0,0.0,46.0,0.0,0.0,0.0,0.0,0.0
hsa-miR-4714-5p,0.0,0.0,27.0,0.0,0.0,2.0,0.0,0.0,0.0,0.0
hsa-miR-4716-3p,0.0,0.0,0.0,0.0,3.0,0.0,0.0,0.0,0.0,0.0
hsa-miR-4717-3p,0.0,0.0,0.0,0.0,11.0,0.0,0.0,0.0,0.0,0.0
hsa-miR-4723-5p,0.0,6.0,0.0,0.0,9.0,0.0,0.0,0.0,0.0,0.0
hsa-miR-4727-3p,0.0,0.0,0.0,0.0,0.0,0.0,0.0,39.0,0.0,0.0
hsa-miR-4732-3p,75.0,114.0,128.0,178.0,148.0,76.0,73.0,51.0,45.0,122.0
hsa-miR-4732-5p,148.0,145.0,105.0,312.0,76.0,62.0,72.0,73.0,0.0,204.0
hsa-miR-4734,0.0,0.0,13.0,0.0,0.0,0.0,0.0,0.0,0.0,0.0
hsa-miR-4738-3p,0.0,25.0,0.0,0.0,11.0,0.0,0.0,0.0,0.0,2.0
hsa-miR-4742-3p,21.0,11.0,37.0,27.0,0.0,15.0,0.0,0.0,0.0,0.0
hsa-miR-4743-5p,0.0,30.0,0.0,0.0,0.0,0.0,0.0,0.0,0.0,0.0
hsa-miR-4746-5p,16.0,24.0,0.0,15.0,0.0,0.0,12.0,0.0,0.0,27.0
hsa-miR-4753-3p,0.0,0.0,0.0,0.0,6.0,0.0,0.0,0.0,0.0,5.0
hsa-miR-4757-3p,0.0,1.0,0.0,0.0,0.0,0.0,0.0,0.0,0.0,0.0
hsa-miR-4766-3p,19.0,15.0,0.0,0.0,20.0,0.0,0.0,0.0,0.0,8.0
hsa-miR-4766-5p,0.0,2.0,0.0,0.0,0.0,0.0,0.0,0.0,0.0,0.0
hsa-miR-4772-3p,52.0,31.0,0.0,0.0,0.0,20.0,11.0,0.0,16.0,25.0
hsa-miR-4772-5p,0.0,2.0,0.0,0.0,0.0,0.0,0.0,0.0,0.0,0.0
hsa-miR-4773,0.0,0.0,0.0,0.0,0.0,15.0,0.0,0.0,0.0,0.0
hsa-miR-4785,20.0,0.0,0.0,0.0,0.0,0.0,0.0,0.0,0.0,0.0
hsa-miR-4786-5p,0.0,0.0,0.0,16.0,0.0,0.0,0.0,0.0,0.0,0.0
hsa-miR-4787-3p,0.0,9.0,0.0,0.0,0.0,0.0,0.0,0.0,0.0,0.0
hsa-miR-4791,15.0,15.0,0.0,73.0,4.0,0.0,0.0,6.0,0.0,36.0
hsa-miR-4797-3p,24.0,0.0,0.0,0.0,0.0,0.0,0.0,0.0,0.0,0.0
hsa-miR-4799-3p,0.0,0.0,0.0,0.0,0.0,0.0,2.0,0.0,0.0,0.0
hsa-miR-4800-5p,12.0,4.0,0.0,0.0,1.0,0.0,0.0,0.0,34.0,0.0
hsa-miR-4802-5p,0.0,0.0,0.0,0.0,0.0,0.0,0.0,0.0,85.0,0.0
hsa-miR-483-3p,0.0,0.0,0.0,0.0,25.0,47.0,0.0,0.0,0.0,16.0
hsa-miR-483-5p,65.0,119.0,12.0,0.0,70.0,64.0,0.0,39.0,0.0,48.0
hsa-miR-484,11566.0,13979.0,4754.0,5874.0,6625.0,3413.0,4554.0,2404.0,3238.0,3408.0
hsa-miR-485-3p,400.0,214.0,112.0,0.0,41.0,7.0,213.0,90.0,126.0,44.0
hsa-miR-485-5p,194.0,110.0,73.0,44.0,14.0,1.0,127.0,37.0,142.0,51.0
hsa-miR-486-3p,339.0,852.0,328.0,764.0,157.0,202.0,302.0,202.0,137.0,279.0
hsa-miR-486-5p,135.0,73.0,1389.0,53365.0,23118.0,2340.0,10415.0,1614.0,8136.0,20274.0
hsa-miR-487a-3p,102.0,80.0,67.0,6.0,20.0,19.0,124.0,39.0,21.0,4.0
hsa-miR-487a-5p,15.0,43.0,2.0,0.0,8.0,0.0,2.0,0.0,0.0,0.0
hsa-miR-487b-3p,530.0,416.0,211.0,39.0,135.0,2.0,270.0,125.0,42.0,35.0
hsa-miR-487b-5p,0.0,11.0,0.0,0.0,0.0,0.0,18.0,28.0,0.0,0.0
hsa-miR-488-5p,0.0,0.0,0.0,0.0,21.0,0.0,0.0,0.0,0.0,0.0
hsa-miR-490-3p,93.0,115.0,2.0,0.0,0.0,0.0,27.0,0.0,0.0,0.0
hsa-miR-491-5p,39.0,19.0,25.0,0.0,28.0,24.0,12.0,0.0,1.0,25.0
hsa-miR-493-3p,158.0,299.0,48.0,34.0,15.0,0.0,161.0,38.0,54.0,0.0
hsa-miR-493-5p,571.0,1347.0,760.0,162.0,75.0,115.0,401.0,481.0,144.0,51.0
hsa-miR-494-3p,2377.0,1626.0,1025.0,378.0,206.0,346.0,1236.0,479.0,650.0,232.0
hsa-miR-494-5p,0.0,14.0,0.0,0.0,0.0,0.0,0.0,0.0,0.0,0.0
hsa-miR-495-3p,459.0,250.0,91.0,50.0,38.0,43.0,291.0,153.0,55.0,26.0
hsa-miR-496,29.0,34.0,3.0,0.0,0.0,0.0,0.0,0.0,0.0,0.0
hsa-miR-497-5p,113.0,190.0,33.0,12.0,56.0,56.0,47.0,20.0,60.0,40.0
hsa-miR-4999-5p,0.0,0.0,0.0,19.0,26.0,0.0,9.0,0.0,0.0,25.0
hsa-miR-499a-5p,0.0,47.0,26.0,0.0,11.0,55.0,55.0,75.0,148.0,0.0
hsa-miR-499b-5p,0.0,11.0,0.0,0.0,0.0,0.0,0.0,0.0,0.0,0.0
hsa-miR-5001-3p,0.0,22.0,12.0,0.0,0.0,0.0,14.0,0.0,13.0,0.0
hsa-miR-5004-3p,18.0,0.0,0.0,0.0,0.0,0.0,0.0,0.0,0.0,0.0
hsa-miR-5009-5p,0.0,0.0,0.0,17.0,15.0,0.0,0.0,0.0,0.0,0.0
hsa-miR-500a-3p,359.0,584.0,232.0,280.0,552.0,100.0,311.0,464.0,221.0,183.0
hsa-miR-500a-5p,22.0,0.0,0.0,0.0,0.0,0.0,0.0,0.0,0.0,0.0
hsa-miR-500b-3p,0.0,45.0,0.0,9.0,0.0,0.0,0.0,0.0,0.0,0.0
hsa-miR-500b-5p,0.0,0.0,29.0,0.0,0.0,11.0,0.0,0.0,0.0,0.0
hsa-miR-501-3p,969.0,935.0,403.0,558.0,676.0,380.0,300.0,370.0,257.0,477.0
hsa-miR-501-5p,0.0,56.0,0.0,36.0,21.0,4.0,7.0,7.0,29.0,6.0
hsa-miR-5010-3p,0.0,0.0,0.0,18.0,21.0,3.0,0.0,0.0,0.0,0.0
hsa-miR-5010-5p,24.0,215.0,21.0,166.0,18.0,29.0,57.0,0.0,67.0,82.0
hsa-miR-502-3p,556.0,622.0,393.0,381.0,472.0,210.0,250.0,290.0,279.0,275.0
hsa-miR-502-5p,0.0,0.0,0.0,0.0,20.0,0.0,0.0,0.0,0.0,0.0
hsa-miR-503-3p,0.0,0.0,19.0,0.0,0.0,12.0,0.0,0.0,0.0,0.0
hsa-miR-503-5p,139.0,225.0,115.0,26.0,145.0,41.0,97.0,63.0,79.0,39.0
hsa-miR-504-3p,0.0,0.0,0.0,0.0,0.0,0.0,44.0,0.0,0.0,0.0
hsa-miR-504-5p,15.0,11.0,41.0,13.0,20.0,15.0,33.0,0.0,0.0,0.0
hsa-miR-505-3p,970.0,882.0,152.0,198.0,255.0,247.0,526.0,240.0,248.0,143.0
hsa-miR-505-5p,8.0,32.0,21.0,29.0,13.0,1.0,0.0,0.0,16.0,14.0
hsa-miR-506-3p,0.0,0.0,0.0,0.0,0.0,0.0,24.0,0.0,0.0,0.0
hsa-miR-508-5p,0.0,0.0,0.0,0.0,0.0,0.0,11.0,0.0,0.0,0.0
hsa-miR-509-3p,12.0,23.0,0.0,0.0,0.0,0.0,0.0,0.0,0.0,0.0
hsa-miR-512-3p,7.0,0.0,0.0,17.0,0.0,0.0,4.0,0.0,0.0,13.0
hsa-miR-515-5p,0.0,14.0,0.0,0.0,0.0,0.0,14.0,0.0,28.0,16.0
hsa-miR-516a-5p,0.0,32.0,26.0,170.0,32.0,29.0,151.0,84.0,0.0,38.0
hsa-miR-516b-5p,0.0,0.0,0.0,59.0,14.0,0.0,26.0,0.0,0.0,13.0
hsa-miR-517b-3p,0.0,0.0,0.0,33.0,0.0,0.0,0.0,0.0,0.0,0.0
hsa-miR-517c-3p,0.0,9.0,0.0,0.0,0.0,0.0,0.0,0.0,0.0,0.0
hsa-miR-5187-5p,38.0,48.0,0.0,0.0,0.0,0.0,0.0,0.0,0.0,24.0
hsa-miR-5189-3p,0.0,0.0,0.0,0.0,0.0,33.0,0.0,0.0,0.0,14.0
hsa-miR-5189-5p,0.0,0.0,0.0,0.0,0.0,0.0,23.0,0.0,0.0,11.0
hsa-miR-518c-5p,0.0,0.0,0.0,0.0,0.0,3.0,29.0,0.0,0.0,0.0
hsa-miR-5190,0.0,0.0,6.0,0.0,0.0,0.0,0.0,0.0,0.0,0.0
hsa-miR-5193,0.0,13.0,0.0,0.0,6.0,0.0,0.0,0.0,0.0,0.0
hsa-miR-519a-5p,0.0,0.0,0.0,12.0,0.0,0.0,12.0,0.0,0.0,0.0
hsa-miR-519c-5p,0.0,0.0,0.0,0.0,0.0,0.0,12.0,0.0,0.0,0.0
hsa-miR-519d-3p,0.0,0.0,0.0,0.0,0.0,0.0,0.0,0.0,34.0,0.0
hsa-miR-520a-3p,0.0,0.0,0.0,22.0,0.0,0.0,40.0,0.0,0.0,13.0
hsa-miR-520a-5p,0.0,0.0,0.0,15.0,0.0,0.0,0.0,0.0,0.0,0.0
hsa-miR-522-3p,0.0,0.0,0.0,26.0,0.0,0.0,0.0,0.0,0.0,0.0
hsa-miR-522-5p,25.0,0.0,0.0,0.0,0.0,0.0,0.0,0.0,0.0,0.0
hsa-miR-523-5p,0.0,0.0,0.0,0.0,0.0,0.0,19.0,0.0,0.0,0.0
hsa-miR-524-5p,0.0,0.0,0.0,0.0,0.0,0.0,14.0,0.0,0.0,0.0
hsa-miR-525-5p,0.0,0.0,0.0,11.0,0.0,0.0,6.0,0.0,0.0,0.0
hsa-miR-526a-5p,0.0,0.0,0.0,0.0,0.0,0.0,0.0,0.0,0.0,5.0
hsa-miR-526b-5p,0.0,0.0,0.0,48.0,0.0,0.0,42.0,0.0,0.0,0.0
hsa-miR-532-3p,70.0,45.0,46.0,31.0,14.0,65.0,52.0,26.0,0.0,14.0
hsa-miR-532-5p,2422.0,3412.0,1401.0,2214.0,2075.0,858.0,1065.0,1340.0,1228.0,1681.0
hsa-miR-539-3p,161.0,80.0,46.0,31.0,20.0,32.0,76.0,11.0,0.0,0.0
hsa-miR-541-3p,0.0,15.0,0.0,4.0,0.0,0.0,0.0,0.0,0.0,0.0
hsa-miR-542-3p,97.0,281.0,79.0,126.0,55.0,58.0,180.0,105.0,140.0,110.0
hsa-miR-542-5p,0.0,0.0,0.0,0.0,0.0,0.0,0.0,0.0,0.0,17.0
hsa-miR-543,815.0,728.0,422.0,71.0,84.0,107.0,581.0,188.0,114.0,103.0
hsa-miR-544b,0.0,17.0,0.0,0.0,0.0,0.0,0.0,0.0,6.0,0.0
hsa-miR-545-3p,0.0,0.0,19.0,0.0,0.0,0.0,0.0,18.0,21.0,0.0
hsa-miR-548a-3p,118.0,147.0,85.0,69.0,59.0,53.0,41.0,0.0,30.0,12.0
hsa-miR-548a-5p,0.0,0.0,0.0,0.0,0.0,0.0,22.0,0.0,0.0,0.0
hsa-miR-548aa,0.0,0.0,0.0,0.0,0.0,0.0,14.0,0.0,0.0,0.0
hsa-miR-548ab,0.0,0.0,3.0,0.0,0.0,0.0,0.0,0.0,0.0,0.0
hsa-miR-548ad-5p,0.0,25.0,0.0,0.0,0.0,0.0,0.0,0.0,0.0,0.0
hsa-miR-548ae-3p,0.0,0.0,0.0,0.0,0.0,0.0,0.0,0.0,0.0,16.0
hsa-miR-548ae-5p,0.0,39.0,0.0,0.0,0.0,0.0,18.0,0.0,0.0,0.0
hsa-miR-548ag,0.0,53.0,0.0,0.0,0.0,0.0,4.0,0.0,0.0,0.0
hsa-miR-548ak,14.0,11.0,0.0,0.0,0.0,0.0,0.0,0.0,0.0,0.0
hsa-miR-548al,32.0,18.0,3.0,0.0,0.0,0.0,0.0,0.0,0.0,0.0
hsa-miR-548am-5p,0.0,0.0,13.0,0.0,0.0,1.0,0.0,0.0,4.0,1.0
hsa-miR-548ap-5p,0.0,2.0,0.0,0.0,0.0,0.0,0.0,0.0,0.0,0.0
hsa-miR-548aq-3p,0.0,0.0,8.0,0.0,0.0,0.0,15.0,0.0,27.0,0.0
hsa-miR-548ar-3p,0.0,9.0,0.0,0.0,0.0,0.0,0.0,0.0,0.0,0.0
hsa-miR-548as-3p,0.0,0.0,0.0,0.0,0.0,0.0,18.0,0.0,0.0,0.0
hsa-miR-548av-3p,0.0,0.0,0.0,0.0,0.0,0.0,0.0,0.0,1.0,0.0
hsa-miR-548ax,0.0,39.0,0.0,0.0,0.0,0.0,0.0,0.0,0.0,0.0
hsa-miR-548ay-3p,0.0,0.0,0.0,32.0,0.0,0.0,14.0,0.0,0.0,0.0
hsa-miR-548ay-5p,0.0,0.0,0.0,25.0,0.0,0.0,0.0,0.0,0.0,0.0
hsa-miR-548az-5p,0.0,0.0,0.0,0.0,0.0,0.0,0.0,0.0,15.0,0.0
hsa-miR-548b-3p,0.0,9.0,0.0,0.0,0.0,1.0,0.0,0.0,0.0,0.0
hsa-miR-548b-5p,0.0,0.0,0.0,0.0,0.0,3.0,0.0,0.0,61.0,0.0
hsa-miR-548bc,31.0,0.0,7.0,22.0,13.0,0.0,12.0,25.0,0.0,0.0
hsa-miR-548c-5p,0.0,0.0,0.0,0.0,7.0,0.0,0.0,0.0,0.0,0.0
hsa-miR-548d-3p,0.0,55.0,0.0,0.0,0.0,0.0,18.0,0.0,0.0,0.0
hsa-miR-548d-5p,71.0,0.0,0.0,0.0,68.0,0.0,30.0,37.0,0.0,0.0
hsa-miR-548e-3p,63.0,161.0,67.0,84.0,23.0,57.0,117.0,38.0,44.0,76.0
hsa-miR-548e-5p,11.0,19.0,0.0,0.0,16.0,0.0,2.0,0.0,32.0,0.0
hsa-miR-548f-3p,23.0,23.0,25.0,0.0,0.0,0.0,0.0,0.0,0.0,0.0
hsa-miR-548j-3p,15.0,25.0,0.0,41.0,0.0,0.0,6.0,0.0,0.0,0.0
hsa-miR-548j-5p,146.0,168.0,48.0,66.0,128.0,20.0,46.0,9.0,31.0,73.0
hsa-miR-548k,107.0,103.0,81.0,148.0,40.0,107.0,75.0,3.0,0.0,39.0
hsa-miR-548l,19.0,9.0,0.0,9.0,0.0,23.0,0.0,0.0,0.0,0.0
hsa-miR-548n,0.0,0.0,16.0,0.0,0.0,0.0,29.0,0.0,0.0,0.0
hsa-miR-548o-3p,98.0,49.0,28.0,17.0,13.0,15.0,16.0,0.0,33.0,15.0
hsa-miR-548o-5p,0.0,25.0,0.0,0.0,14.0,0.0,0.0,0.0,0.0,0.0
hsa-miR-548t-3p,0.0,0.0,0.0,0.0,10.0,0.0,0.0,0.0,0.0,0.0
hsa-miR-548t-5p,0.0,0.0,0.0,0.0,0.0,0.0,9.0,0.0,0.0,0.0
hsa-miR-548u,0.0,10.0,0.0,0.0,0.0,12.0,0.0,0.0,32.0,0.0
hsa-miR-548w,19.0,0.0,0.0,0.0,0.0,0.0,0.0,0.0,0.0,0.0
hsa-miR-550a-3-5p,0.0,24.0,44.0,0.0,0.0,0.0,0.0,0.0,0.0,0.0
hsa-miR-550a-3p,0.0,17.0,45.0,0.0,0.0,0.0,0.0,0.0,0.0,24.0
hsa-miR-550a-5p,0.0,27.0,0.0,0.0,0.0,9.0,30.0,0.0,0.0,0.0
hsa-miR-551a,0.0,0.0,0.0,0.0,0.0,5.0,0.0,0.0,0.0,4.0
hsa-miR-551b-3p,0.0,0.0,0.0,0.0,5.0,0.0,0.0,0.0,0.0,0.0
hsa-miR-552-3p,13.0,0.0,0.0,0.0,0.0,0.0,0.0,0.0,0.0,0.0
hsa-miR-556-3p,0.0,33.0,5.0,0.0,9.0,0.0,0.0,27.0,0.0,0.0
hsa-miR-556-5p,49.0,72.0,29.0,13.0,28.0,6.0,4.0,33.0,28.0,0.0
hsa-miR-5581-3p,19.0,0.0,0.0,0.0,0.0,1.0,0.0,0.0,0.0,0.0
hsa-miR-5588-5p,2488.0,1912.0,3155.0,1972.0,1995.0,4617.0,3454.0,12068.0,6984.0,5693.0
hsa-miR-561-5p,0.0,35.0,0.0,18.0,0.0,0.0,0.0,0.0,0.0,0.0
hsa-miR-5683,17.0,54.0,0.0,35.0,14.0,4.0,0.0,0.0,22.0,18.0
hsa-miR-5695,0.0,31.0,31.0,0.0,0.0,0.0,21.0,34.0,0.0,0.0
hsa-miR-570-3p,0.0,0.0,0.0,0.0,16.0,0.0,21.0,0.0,0.0,10.0
hsa-miR-570-5p,0.0,0.0,0.0,0.0,0.0,0.0,0.0,0.0,28.0,0.0
hsa-miR-574-3p,580.0,706.0,231.0,90.0,77.0,92.0,303.0,39.0,60.0,122.0
hsa-miR-574-5p,72.0,163.0,19.0,53.0,35.0,33.0,36.0,0.0,18.0,55.0
hsa-miR-576-3p,195.0,439.0,149.0,192.0,87.0,30.0,46.0,0.0,106.0,152.0
hsa-miR-576-5p,13.0,19.0,13.0,87.0,16.0,15.0,31.0,39.0,0.0,13.0
hsa-miR-579-3p,24.0,13.0,0.0,0.0,0.0,0.0,0.0,0.0,0.0,0.0
hsa-miR-579-5p,0.0,19.0,1.0,0.0,0.0,20.0,17.0,0.0,0.0,9.0
hsa-miR-580-3p,0.0,0.0,0.0,0.0,0.0,0.0,0.0,0.0,23.0,0.0
hsa-miR-580-5p,0.0,0.0,0.0,0.0,0.0,0.0,0.0,0.0,0.0,12.0
hsa-miR-582-3p,25.0,77.0,15.0,111.0,44.0,35.0,4.0,28.0,37.0,71.0
hsa-miR-582-5p,8.0,23.0,7.0,0.0,45.0,32.0,23.0,0.0,0.0,45.0
hsa-miR-584-5p,7356.0,17824.0,2791.0,2542.0,4615.0,983.0,3535.0,1337.0,2747.0,1470.0
hsa-miR-589-3p,23.0,16.0,0.0,25.0,0.0,0.0,0.0,0.0,0.0,0.0
hsa-miR-589-5p,608.0,520.0,239.0,194.0,213.0,133.0,368.0,218.0,250.0,141.0
hsa-miR-590-3p,41.0,33.0,0.0,37.0,10.0,0.0,56.0,0.0,22.0,0.0
hsa-miR-597-3p,0.0,16.0,0.0,26.0,0.0,0.0,0.0,0.0,0.0,0.0
hsa-miR-597-5p,0.0,0.0,0.0,0.0,0.0,0.0,12.0,0.0,31.0,15.0
hsa-miR-598-3p,514.0,462.0,67.0,172.0,91.0,26.0,289.0,124.0,117.0,53.0
hsa-miR-605-3p,94.0,23.0,0.0,0.0,13.0,0.0,0.0,0.0,29.0,0.0
hsa-miR-605-5p,25.0,0.0,0.0,0.0,0.0,0.0,0.0,0.0,0.0,0.0
hsa-miR-6085,0.0,0.0,0.0,0.0,0.0,0.0,0.0,0.0,17.0,0.0
hsa-miR-610,0.0,0.0,0.0,0.0,0.0,0.0,0.0,0.0,0.0,10.0
hsa-miR-6125,1.0,0.0,0.0,0.0,0.0,0.0,0.0,0.0,0.0,0.0
hsa-miR-615-3p,0.0,0.0,0.0,0.0,25.0,0.0,0.0,0.0,0.0,0.0
hsa-miR-616-3p,0.0,26.0,0.0,0.0,0.0,0.0,0.0,0.0,0.0,0.0
hsa-miR-616-5p,0.0,17.0,0.0,0.0,0.0,18.0,21.0,0.0,27.0,0.0
hsa-miR-618,0.0,0.0,0.0,0.0,12.0,3.0,0.0,0.0,15.0,18.0
hsa-miR-619-5p,0.0,58.0,0.0,0.0,0.0,20.0,14.0,2.0,0.0,3.0
hsa-miR-624-3p,0.0,0.0,0.0,0.0,0.0,0.0,0.0,0.0,0.0,6.0
hsa-miR-624-5p,55.0,52.0,28.0,1.0,3.0,28.0,33.0,65.0,0.0,14.0
hsa-miR-625-3p,2298.0,640.0,703.0,933.0,642.0,85.0,4.0,99.0,182.0,230.0
hsa-miR-625-5p,15.0,96.0,0.0,23.0,0.0,0.0,0.0,49.0,0.0,0.0
hsa-miR-627-3p,44.0,93.0,20.0,41.0,6.0,0.0,77.0,102.0,0.0,9.0
hsa-miR-627-5p,0.0,29.0,22.0,0.0,0.0,16.0,31.0,0.0,10.0,0.0
hsa-miR-628-3p,508.0,411.0,48.0,127.0,157.0,107.0,102.0,85.0,72.0,25.0
hsa-miR-628-5p,0.0,0.0,15.0,13.0,21.0,1.0,0.0,0.0,37.0,0.0
hsa-miR-629-3p,0.0,0.0,0.0,18.0,0.0,0.0,0.0,0.0,0.0,0.0
hsa-miR-629-5p,1175.0,2169.0,488.0,441.0,475.0,302.0,762.0,108.0,180.0,0.0
hsa-miR-636,0.0,40.0,0.0,17.0,0.0,0.0,0.0,0.0,0.0,19.0
hsa-miR-641,75.0,62.0,81.0,24.0,25.0,13.0,78.0,0.0,37.0,26.0
hsa-miR-642b-3p,0.0,0.0,0.0,0.0,0.0,0.0,0.0,0.0,0.0,4.0
hsa-miR-643,0.0,15.0,0.0,0.0,0.0,0.0,8.0,25.0,0.0,0.0
hsa-miR-6501-5p,0.0,18.0,9.0,0.0,0.0,0.0,0.0,0.0,0.0,0.0
hsa-miR-6503-3p,0.0,0.0,0.0,0.0,12.0,0.0,0.0,0.0,0.0,0.0
hsa-miR-6505-5p,0.0,36.0,0.0,0.0,0.0,0.0,0.0,0.0,0.0,0.0
hsa-miR-6509-5p,0.0,0.0,0.0,0.0,0.0,12.0,0.0,0.0,0.0,16.0
hsa-miR-651-5p,101.0,211.0,94.0,87.0,11.0,144.0,72.0,40.0,25.0,57.0
hsa-miR-6511a-3p,33.0,17.0,0.0,0.0,19.0,0.0,23.0,0.0,0.0,14.0
hsa-miR-6511b-3p,0.0,0.0,0.0,0.0,17.0,0.0,0.0,0.0,15.0,0.0
hsa-miR-6511b-5p,0.0,29.0,0.0,0.0,0.0,0.0,0.0,0.0,0.0,0.0
hsa-miR-6513-5p,0.0,0.0,0.0,41.0,20.0,0.0,5.0,0.0,0.0,0.0
hsa-miR-6515-5p,88.0,46.0,0.0,0.0,55.0,0.0,0.0,0.0,0.0,24.0
hsa-miR-6516-3p,11.0,4.0,20.0,4.0,0.0,22.0,18.0,0.0,0.0,0.0
hsa-miR-6516-5p,0.0,24.0,0.0,0.0,14.0,0.0,10.0,0.0,0.0,0.0
hsa-miR-652-3p,1310.0,1431.0,820.0,723.0,775.0,435.0,858.0,510.0,666.0,404.0
hsa-miR-652-5p,7.0,3.0,0.0,13.0,31.0,0.0,11.0,0.0,0.0,26.0
hsa-miR-653-5p,0.0,0.0,0.0,0.0,0.0,4.0,0.0,0.0,0.0,0.0
hsa-miR-654-3p,719.0,624.0,463.0,121.0,157.0,115.0,596.0,213.0,188.0,71.0
hsa-miR-654-5p,254.0,226.0,189.0,47.0,42.0,10.0,321.0,0.0,125.0,7.0
hsa-miR-655-3p,56.0,32.0,2.0,0.0,0.0,14.0,67.0,0.0,0.0,0.0
hsa-miR-656-3p,37.0,29.0,53.0,0.0,65.0,0.0,100.0,0.0,0.0,0.0
hsa-miR-659-5p,19.0,0.0,0.0,0.0,0.0,0.0,0.0,0.0,0.0,0.0
hsa-miR-660-3p,0.0,3.0,0.0,0.0,0.0,0.0,0.0,0.0,0.0,0.0
hsa-miR-660-5p,433.0,779.0,446.0,342.0,421.0,714.0,403.0,327.0,379.0,329.0
hsa-miR-663a,0.0,0.0,0.0,0.0,0.0,12.0,0.0,0.0,0.0,0.0
hsa-miR-664a-3p,114.0,99.0,0.0,0.0,24.0,1.0,87.0,31.0,52.0,0.0
hsa-miR-664a-5p,381.0,370.0,122.0,133.0,27.0,51.0,175.0,0.0,46.0,19.0
hsa-miR-664b-3p,0.0,0.0,23.0,0.0,0.0,0.0,0.0,0.0,28.0,0.0
hsa-miR-665,57.0,0.0,13.0,0.0,0.0,0.0,0.0,15.0,20.0,0.0
hsa-miR-668-3p,29.0,19.0,0.0,0.0,0.0,15.0,27.0,0.0,0.0,0.0
hsa-miR-671-3p,134.0,83.0,45.0,9.0,42.0,1.0,80.0,54.0,23.0,0.0
hsa-miR-671-5p,11.0,30.0,20.0,5.0,8.0,43.0,9.0,0.0,18.0,13.0
hsa-miR-6715a-3p,0.0,0.0,0.0,0.0,0.0,1.0,0.0,0.0,0.0,0.0
hsa-miR-6720-3p,0.0,0.0,5.0,0.0,0.0,0.0,0.0,0.0,3.0,0.0
hsa-miR-6721-5p,6.0,0.0,0.0,0.0,0.0,0.0,0.0,0.0,0.0,0.0
hsa-miR-6727-5p,0.0,0.0,0.0,21.0,0.0,0.0,0.0,0.0,0.0,0.0
hsa-miR-6733-5p,0.0,7.0,16.0,0.0,0.0,0.0,0.0,0.0,0.0,0.0
hsa-miR-6734-5p,0.0,46.0,0.0,0.0,36.0,0.0,51.0,0.0,34.0,12.0
hsa-miR-6735-5p,0.0,24.0,0.0,0.0,13.0,0.0,0.0,0.0,9.0,0.0
hsa-miR-6736-5p,0.0,11.0,0.0,0.0,0.0,0.0,0.0,0.0,0.0,0.0
hsa-miR-6741-3p,17.0,22.0,0.0,13.0,0.0,0.0,0.0,0.0,0.0,0.0
hsa-miR-6741-5p,12.0,19.0,0.0,9.0,13.0,20.0,0.0,0.0,0.0,0.0
hsa-miR-6742-5p,0.0,0.0,0.0,0.0,20.0,0.0,0.0,0.0,0.0,0.0
hsa-miR-675-3p,0.0,6.0,0.0,0.0,0.0,0.0,0.0,0.0,0.0,17.0
hsa-miR-675-5p,0.0,0.0,0.0,0.0,1.0,0.0,0.0,0.0,0.0,0.0
hsa-miR-6750-5p,0.0,0.0,0.0,0.0,29.0,0.0,0.0,0.0,0.0,0.0
hsa-miR-6751-5p,0.0,0.0,0.0,2.0,0.0,0.0,0.0,0.0,0.0,0.0
hsa-miR-6753-3p,0.0,0.0,0.0,0.0,0.0,3.0,0.0,1.0,0.0,0.0
hsa-miR-6753-5p,0.0,0.0,0.0,0.0,0.0,4.0,0.0,0.0,0.0,0.0
hsa-miR-6754-5p,0.0,0.0,0.0,0.0,17.0,0.0,0.0,0.0,0.0,0.0
hsa-miR-6755-5p,0.0,0.0,0.0,0.0,0.0,15.0,0.0,0.0,0.0,15.0
hsa-miR-6763-5p,0.0,17.0,0.0,0.0,0.0,2.0,0.0,0.0,0.0,10.0
hsa-miR-6764-5p,16.0,50.0,4.0,0.0,0.0,13.0,0.0,0.0,0.0,0.0
hsa-miR-6772-3p,0.0,4.0,0.0,0.0,0.0,0.0,0.0,0.0,0.0,0.0
hsa-miR-6779-5p,0.0,0.0,0.0,0.0,0.0,0.0,0.0,0.0,8.0,0.0
hsa-miR-6780a-5p,0.0,6.0,0.0,0.0,0.0,0.0,0.0,0.0,0.0,0.0
hsa-miR-6782-5p,0.0,0.0,0.0,0.0,0.0,0.0,10.0,0.0,0.0,0.0
hsa-miR-6783-5p,0.0,7.0,0.0,29.0,0.0,0.0,0.0,0.0,21.0,0.0
hsa-miR-6787-5p,0.0,0.0,0.0,0.0,0.0,0.0,14.0,0.0,0.0,0.0
hsa-miR-6789-5p,0.0,0.0,0.0,4.0,0.0,0.0,0.0,0.0,0.0,0.0
hsa-miR-6791-5p,0.0,9.0,0.0,0.0,0.0,0.0,0.0,0.0,0.0,0.0
hsa-miR-6793-3p,0.0,0.0,0.0,0.0,0.0,15.0,0.0,0.0,0.0,0.0
hsa-miR-6793-5p,0.0,0.0,0.0,0.0,16.0,0.0,0.0,0.0,0.0,0.0
hsa-miR-6800-5p,4.0,0.0,0.0,0.0,0.0,0.0,0.0,0.0,0.0,0.0
hsa-miR-6803-3p,0.0,0.0,6.0,46.0,0.0,0.0,15.0,0.0,0.0,0.0
hsa-miR-6803-5p,0.0,0.0,0.0,0.0,1.0,0.0,0.0,0.0,0.0,0.0
hsa-miR-6805-5p,0.0,18.0,0.0,0.0,0.0,0.0,0.0,0.0,0.0,0.0
hsa-miR-6806-3p,0.0,0.0,0.0,0.0,0.0,0.0,0.0,0.0,30.0,0.0
hsa-miR-6809-5p,2.0,7.0,0.0,0.0,0.0,0.0,0.0,0.0,0.0,0.0
hsa-miR-6812-5p,0.0,25.0,0.0,0.0,0.0,0.0,0.0,0.0,0.0,0.0
hsa-miR-6813-5p,175.0,26.0,23.0,0.0,0.0,0.0,0.0,0.0,0.0,0.0
hsa-miR-6815-5p,0.0,9.0,0.0,26.0,0.0,0.0,0.0,0.0,0.0,26.0
hsa-miR-6816-3p,0.0,0.0,0.0,0.0,29.0,0.0,0.0,0.0,0.0,0.0
hsa-miR-6818-5p,0.0,1.0,0.0,0.0,0.0,0.0,0.0,0.0,0.0,0.0
hsa-miR-6819-3p,0.0,0.0,0.0,0.0,0.0,0.0,0.0,0.0,0.0,4.0
hsa-miR-6819-5p,40.0,2.0,0.0,0.0,0.0,0.0,18.0,0.0,0.0,0.0
hsa-miR-6820-3p,0.0,0.0,14.0,0.0,0.0,0.0,0.0,0.0,0.0,0.0
hsa-miR-6820-5p,4.0,0.0,0.0,0.0,0.0,0.0,0.0,0.0,0.0,0.0
hsa-miR-6821-3p,0.0,0.0,0.0,0.0,0.0,0.0,21.0,0.0,0.0,0.0
hsa-miR-6824-5p,0.0,16.0,0.0,0.0,0.0,0.0,0.0,0.0,0.0,0.0
hsa-miR-6825-5p,0.0,0.0,0.0,22.0,18.0,0.0,0.0,0.0,0.0,0.0
hsa-miR-6833-5p,0.0,0.0,2.0,0.0,0.0,0.0,0.0,0.0,25.0,0.0
hsa-miR-6835-5p,14.0,0.0,0.0,0.0,0.0,0.0,0.0,0.0,0.0,0.0
hsa-miR-6837-3p,12.0,18.0,29.0,22.0,0.0,0.0,0.0,0.0,0.0,16.0
hsa-miR-6842-3p,26.0,49.0,0.0,15.0,16.0,8.0,0.0,0.0,20.0,0.0
hsa-miR-6842-5p,8.0,9.0,38.0,0.0,14.0,0.0,28.0,0.0,0.0,0.0
hsa-miR-6847-3p,0.0,13.0,0.0,0.0,0.0,0.0,0.0,0.0,0.0,0.0
hsa-miR-6847-5p,0.0,23.0,0.0,0.0,0.0,16.0,0.0,0.0,0.0,12.0
hsa-miR-6849-5p,21.0,0.0,0.0,0.0,0.0,0.0,0.0,0.0,0.0,0.0
hsa-miR-6852-5p,465.0,406.0,86.0,110.0,308.0,47.0,156.0,3.0,21.0,80.0
hsa-miR-6854-5p,21.0,0.0,0.0,0.0,0.0,0.0,0.0,0.0,0.0,0.0
hsa-miR-6855-5p,0.0,15.0,29.0,0.0,11.0,15.0,0.0,27.0,0.0,0.0
hsa-miR-6859-5p,15.0,5.0,30.0,0.0,13.0,11.0,0.0,0.0,0.0,0.0
hsa-miR-6862-5p,0.0,0.0,0.0,0.0,0.0,0.0,0.0,0.0,6.0,15.0
hsa-miR-6866-5p,0.0,0.0,24.0,19.0,0.0,0.0,0.0,0.0,0.0,0.0
hsa-miR-6874-3p,0.0,0.0,0.0,0.0,0.0,0.0,0.0,21.0,0.0,0.0
hsa-miR-6875-5p,0.0,0.0,0.0,14.0,0.0,0.0,0.0,0.0,0.0,0.0
hsa-miR-6877-5p,69.0,101.0,16.0,0.0,16.0,0.0,51.0,0.0,11.0,0.0
hsa-miR-6882-3p,0.0,0.0,1.0,0.0,0.0,0.0,0.0,0.0,0.0,0.0
hsa-miR-6882-5p,0.0,0.0,0.0,0.0,25.0,0.0,0.0,0.0,0.0,0.0
hsa-miR-6884-5p,0.0,0.0,0.0,60.0,0.0,0.0,0.0,0.0,0.0,0.0
hsa-miR-6885-5p,10.0,0.0,0.0,0.0,0.0,0.0,0.0,0.0,0.0,0.0
hsa-miR-6890-3p,0.0,11.0,0.0,0.0,0.0,0.0,1.0,0.0,0.0,0.0
hsa-miR-7-1-3p,131.0,108.0,9.0,52.0,0.0,0.0,97.0,0.0,0.0,10.0
hsa-miR-7-5p,444.0,6601.0,1586.0,2625.0,1402.0,447.0,1519.0,1633.0,314.0,2444.0
hsa-miR-708-3p,0.0,0.0,7.0,0.0,0.0,1.0,0.0,16.0,0.0,0.0
hsa-miR-708-5p,0.0,0.0,0.0,14.0,0.0,0.0,0.0,0.0,0.0,0.0
hsa-miR-7106-5p,0.0,0.0,0.0,0.0,0.0,1.0,0.0,2.0,0.0,0.0
hsa-miR-7109-5p,0.0,0.0,0.0,0.0,6.0,9.0,0.0,0.0,0.0,0.0
hsa-miR-7110-3p,1.0,0.0,0.0,0.0,0.0,2.0,0.0,0.0,0.0,0.0
hsa-miR-7151-3p,0.0,3.0,0.0,0.0,0.0,0.0,0.0,0.0,0.0,0.0
hsa-miR-744-3p,5.0,33.0,6.0,0.0,25.0,16.0,16.0,0.0,0.0,6.0
hsa-miR-744-5p,13072.0,11437.0,3867.0,4210.0,4438.0,1446.0,6013.0,1684.0,2630.0,1933.0
hsa-miR-758-3p,405.0,423.0,226.0,39.0,119.0,110.0,219.0,59.0,205.0,24.0
hsa-miR-758-5p,0.0,13.0,0.0,0.0,0.0,0.0,0.0,0.0,27.0,0.0
hsa-miR-760,0.0,18.0,0.0,0.0,0.0,1.0,17.0,0.0,0.0,0.0
hsa-miR-765,4.0,0.0,0.0,0.0,0.0,0.0,0.0,0.0,0.0,0.0
hsa-miR-766-3p,248.0,214.0,26.0,73.0,105.0,37.0,138.0,64.0,37.0,80.0
hsa-miR-766-5p,60.0,19.0,26.0,0.0,28.0,0.0,32.0,0.0,7.0,22.0
hsa-miR-769-3p,38.0,0.0,0.0,24.0,16.0,0.0,17.0,0.0,14.0,19.0
hsa-miR-769-5p,1408.0,1105.0,505.0,494.0,590.0,324.0,682.0,164.0,493.0,344.0
hsa-miR-7704,42.0,21.0,5.0,4.0,9.0,5.0,6.0,0.0,10.0,41.0
hsa-miR-7706,52.0,63.0,0.0,76.0,0.0,0.0,1.0,40.0,27.0,0.0
hsa-miR-7843-3p,0.0,0.0,0.0,0.0,0.0,0.0,6.0,0.0,0.0,0.0
hsa-miR-7845-5p,0.0,0.0,0.0,0.0,0.0,0.0,4.0,0.0,0.0,0.0
hsa-miR-7848-3p,6.0,0.0,0.0,0.0,0.0,0.0,0.0,0.0,0.0,0.0
hsa-miR-7849-3p,19.0,17.0,26.0,2.0,0.0,0.0,0.0,0.0,0.0,0.0
hsa-miR-7850-5p,19.0,0.0,0.0,0.0,0.0,0.0,0.0,0.0,0.0,0.0
hsa-miR-7851-3p,0.0,37.0,0.0,0.0,0.0,0.0,0.0,0.0,0.0,0.0
hsa-miR-7853-5p,0.0,34.0,0.0,0.0,0.0,0.0,0.0,0.0,0.0,0.0
hsa-miR-7854-3p,17.0,30.0,27.0,45.0,0.0,1.0,0.0,0.0,19.0,0.0
hsa-miR-7855-5p,0.0,0.0,0.0,0.0,19.0,0.0,19.0,0.0,0.0,0.0
hsa-miR-7974,0.0,0.0,0.0,0.0,0.0,2.0,0.0,0.0,0.0,0.0
hsa-miR-8072,0.0,4.0,0.0,0.0,0.0,0.0,0.0,0.0,0.0,0.0
hsa-miR-8085,0.0,0.0,0.0,0.0,19.0,0.0,0.0,0.0,0.0,0.0
hsa-miR-8086,0.0,3.0,0.0,3.0,1.0,0.0,2.0,9.0,11.0,0.0
hsa-miR-8485,0.0,23.0,0.0,0.0,0.0,1.0,0.0,9.0,0.0,7.0
hsa-miR-873-3p,0.0,15.0,0.0,0.0,0.0,0.0,0.0,0.0,0.0,20.0
hsa-miR-873-5p,54.0,61.0,20.0,34.0,69.0,37.0,0.0,0.0,25.0,29.0
hsa-miR-874-3p,166.0,233.0,118.0,33.0,64.0,119.0,125.0,61.0,25.0,65.0
hsa-miR-876-5p,0.0,0.0,0.0,0.0,35.0,0.0,0.0,0.0,0.0,0.0
hsa-miR-877-5p,0.0,0.0,0.0,6.0,0.0,0.0,0.0,0.0,0.0,0.0
hsa-miR-885-5p,0.0,0.0,0.0,0.0,0.0,16.0,0.0,0.0,0.0,15.0
hsa-miR-889-3p,371.0,299.0,111.0,0.0,91.0,20.0,252.0,90.0,127.0,74.0
hsa-miR-9-3p,93.0,8.0,0.0,0.0,25.0,11.0,0.0,0.0,0.0,55.0
hsa-miR-9-5p,284.0,253.0,257.0,101.0,202.0,22.0,132.0,234.0,93.0,640.0
hsa-miR-922,0.0,0.0,0.0,0.0,0.0,0.0,0.0,0.0,0.0,28.0
hsa-miR-92a-1-5p,0.0,0.0,0.0,0.0,0.0,1.0,21.0,30.0,0.0,15.0
hsa-miR-92a-2-5p,0.0,0.0,0.0,0.0,6.0,0.0,0.0,0.0,0.0,0.0
hsa-miR-92a-3p,91914.0,189101.0,82292.0,94862.0,60305.0,54991.0,61943.0,45641.0,42853.0,45085.0
hsa-miR-92b-3p,341.0,232.0,119.0,128.0,273.0,100.0,100.0,50.0,92.0,119.0
hsa-miR-92b-5p,31.0,12.0,0.0,0.0,0.0,0.0,0.0,0.0,0.0,0.0
hsa-miR-93-3p,344.0,450.0,81.0,158.0,199.0,87.0,72.0,53.0,137.0,50.0
hsa-miR-93-5p,15349.0,25749.0,10413.0,14732.0,8548.0,4867.0,9041.0,6367.0,6013.0,4835.0
hsa-miR-933,0.0,2.0,0.0,0.0,0.0,0.0,0.0,0.0,0.0,15.0
hsa-miR-934,0.0,0.0,0.0,15.0,0.0,0.0,0.0,0.0,0.0,0.0
hsa-miR-937-3p,29.0,0.0,0.0,41.0,0.0,0.0,0.0,0.0,0.0,0.0
hsa-miR-939-5p,68.0,30.0,0.0,21.0,0.0,27.0,13.0,0.0,0.0,42.0
hsa-miR-940,0.0,9.0,0.0,0.0,0.0,7.0,0.0,0.0,0.0,0.0
hsa-miR-941,350.0,207.0,127.0,419.0,201.0,93.0,97.0,0.0,216.0,200.0
hsa-miR-942-3p,24.0,0.0,0.0,0.0,20.0,6.0,0.0,0.0,0.0,0.0
hsa-miR-942-5p,76.0,148.0,44.0,87.0,29.0,8.0,78.0,29.0,1.0,0.0
hsa-miR-95-3p,8.0,46.0,0.0,25.0,29.0,46.0,24.0,0.0,12.0,57.0
hsa-miR-96-5p,1004.0,2941.0,1068.0,2170.0,1155.0,1882.0,1558.0,1124.0,938.0,1295.0
hsa-miR-98-5p,1291.0,2425.0,544.0,535.0,283.0,436.0,905.0,337.0,588.0,309.0
hsa-miR-9851-5p,0.0,0.0,4.0,0.0,0.0,0.0,0.0,0.0,0.0,0.0
hsa-miR-9901,0.0,0.0,0.0,0.0,0.0,0.0,1.0,0.0,9.0,0.0
hsa-miR-9903,0.0,0.0,0.0,33.0,0.0,1.0,0.0,22.0,0.0,0.0
hsa-miR-9985,0.0,1.0,0.0,0.0,2.0,0.0,22.0,0.0,0.0,0.0
hsa-miR-99a-3p,0.0,0.0,10.0,14.0,0.0,0.0,0.0,0.0,0.0,0.0
hsa-miR-99a-5p,1997.0,2109.0,1137.0,405.0,973.0,1285.0,1426.0,640.0,1171.0,750.0
hsa-miR-99b-3p,164.0,290.0,16.0,5.0,54.0,23.0,168.0,19.0,98.0,82.0
hsa-miR-99b-5p,7987.0,9212.0,533.0,920.0,2351.0,1436.0,3228.0,1064.0,1859.0,1545.0
hsa-mir-107-3p,0.0,0.0,0.0,0.0,0.0,0.0,0.0,33.0,0.0,0.0
hsa-mir-11400-5p,0.0,22.0,0.0,0.0,0.0,0.0,0.0,0.0,0.0,0.0
hsa-mir-1193-5p,0.0,0.0,24.0,0.0,0.0,0.0,0.0,0.0,0.0,0.0
hsa-mir-12116-5p,0.0,0.0,0.0,0.0,0.0,0.0,0.0,0.0,2.0,0.0
hsa-mir-12121-5p,1.0,0.0,0.0,1.0,0.0,0.0,0.0,0.0,0.0,1.0
hsa-mir-12126-3p,0.0,0.0,0.0,2.0,0.0,0.0,0.0,0.0,0.0,0.0
hsa-mir-12128-3p,5.0,0.0,0.0,0.0,0.0,0.0,0.0,0.0,0.0,0.0
hsa-mir-12136-5p,27.0,113.0,9.0,58.0,0.0,23.0,9.0,0.0,0.0,10.0
hsa-mir-1248-5p,0.0,0.0,0.0,0.0,0.0,0.0,2.0,0.0,0.0,0.0
hsa-mir-1256-5p,5.0,7.0,0.0,0.0,0.0,0.0,0.0,0.0,0.0,0.0
hsa-mir-1257-5p,0.0,0.0,0.0,2.0,0.0,0.0,0.0,0.0,0.0,0.0
hsa-mir-1273c-5p,50.0,136.0,0.0,0.0,31.0,0.0,39.0,0.0,14.0,0.0
hsa-mir-1294-5p,0.0,0.0,0.0,12.0,0.0,0.0,0.0,0.0,0.0,0.0
hsa-mir-1303-3p,0.0,0.0,0.0,0.0,1.0,0.0,0.0,0.0,0.0,14.0
hsa-mir-153-1-3p,29.0,30.0,0.0,14.0,0.0,0.0,0.0,0.0,0.0,18.0
hsa-mir-1843-5p,0.0,0.0,0.0,0.0,0.0,0.0,0.0,0.0,17.0,4.0
hsa-mir-1913-3p,15.0,0.0,0.0,0.0,0.0,0.0,0.0,0.0,0.0,0.0
hsa-mir-1976-3p,0.0,0.0,0.0,0.0,0.0,0.0,0.0,0.0,0.0,15.0
hsa-mir-2053-3p,0.0,0.0,1.0,0.0,0.0,0.0,0.0,0.0,0.0,0.0
hsa-mir-2110-5p,42.0,61.0,19.0,0.0,0.0,15.0,24.0,0.0,34.0,0.0
hsa-mir-2278-5p,0.0,0.0,2.0,0.0,0.0,0.0,13.0,0.0,0.0,0.0
hsa-mir-3135b-5p,0.0,0.0,0.0,0.0,0.0,25.0,5.0,0.0,0.0,0.0
hsa-mir-3138-3p,0.0,0.0,0.0,0.0,0.0,1.0,0.0,0.0,0.0,0.0
hsa-mir-3139-5p,16.0,0.0,0.0,0.0,0.0,0.0,0.0,0.0,0.0,0.0
hsa-mir-3143-5p,0.0,0.0,25.0,0.0,0.0,15.0,14.0,0.0,0.0,3.0
hsa-mir-3155a-3p,0.0,0.0,0.0,20.0,0.0,0.0,0.0,0.0,0.0,0.0
hsa-mir-3159-5p,0.0,0.0,0.0,35.0,0.0,0.0,0.0,0.0,0.0,0.0
hsa-mir-3166-3p,41.0,0.0,15.0,0.0,0.0,0.0,0.0,0.0,0.0,0.0
hsa-mir-3195-5p,22.0,0.0,0.0,0.0,0.0,0.0,0.0,0.0,0.0,0.0
hsa-mir-3202-1-5p,0.0,21.0,0.0,0.0,0.0,0.0,0.0,0.0,0.0,0.0
hsa-mir-3648-1-5p,0.0,0.0,1.0,0.0,0.0,1.0,16.0,0.0,0.0,0.0
hsa-mir-3648-2-5p,0.0,0.0,0.0,1.0,7.0,0.0,0.0,0.0,0.0,0.0
hsa-mir-3658-5p,0.0,0.0,1.0,0.0,0.0,0.0,0.0,0.0,0.0,0.0
hsa-mir-3908-5p,608.0,1262.0,1169.0,647.0,1235.0,1018.0,79.0,325.0,6811.0,4054.0
hsa-mir-3910-1-3p,0.0,0.0,0.0,0.0,0.0,0.0,0.0,0.0,9.0,0.0
hsa-mir-3976-5p,0.0,0.0,0.0,0.0,0.0,0.0,4.0,0.0,0.0,0.0
hsa-mir-421-3p,0.0,0.0,0.0,0.0,10.0,0.0,0.0,0.0,0.0,0.0
hsa-mir-4258-5p,0.0,3.0,0.0,0.0,0.0,0.0,0.0,0.0,0.0,0.0
hsa-mir-4422-5p,6.0,0.0,0.0,0.0,0.0,0.0,0.0,0.0,0.0,0.0
hsa-mir-4441-3p,0.0,0.0,0.0,0.0,0.0,0.0,0.0,0.0,15.0,0.0
hsa-mir-4442-3p,39.0,0.0,0.0,0.0,0.0,0.0,0.0,0.0,0.0,0.0
hsa-mir-4467-5p,0.0,0.0,0.0,0.0,0.0,0.0,0.0,1.0,0.0,0.0
hsa-mir-4473-3p,0.0,0.0,38.0,0.0,0.0,0.0,8.0,0.0,0.0,0.0
hsa-mir-4487-5p,0.0,0.0,0.0,0.0,7.0,0.0,0.0,0.0,0.0,0.0
hsa-mir-451a-5p,19.0,139.0,20.0,7.0,39.0,54.0,17.0,0.0,0.0,16.0
hsa-mir-4674-3p,0.0,0.0,0.0,0.0,0.0,0.0,0.0,0.0,5.0,0.0
hsa-mir-4683-3p,0.0,0.0,0.0,0.0,0.0,0.0,0.0,0.0,1.0,2.0
hsa-mir-543-3p,0.0,0.0,0.0,0.0,0.0,0.0,12.0,0.0,0.0,0.0
hsa-mir-548ac-3p,0.0,9.0,0.0,0.0,0.0,0.0,0.0,0.0,0.0,0.0
hsa-mir-548ag-2-5p,0.0,13.0,0.0,0.0,0.0,0.0,17.0,0.0,0.0,0.0
hsa-mir-548ax-5p,39.0,37.0,7.0,36.0,0.0,0.0,37.0,0.0,0.0,0.0
hsa-mir-548h-3-5p,0.0,0.0,25.0,0.0,0.0,0.0,0.0,0.0,0.0,0.0
hsa-mir-559-5p,0.0,0.0,13.0,0.0,0.0,0.0,0.0,0.0,0.0,0.0
hsa-mir-567-5p,0.0,0.0,0.0,1.0,0.0,0.0,0.0,0.0,0.0,0.0
hsa-mir-5694-5p,0.0,0.0,0.0,0.0,0.0,0.0,0.0,0.0,0.0,3.0
hsa-mir-5697-5p,0.0,0.0,0.0,0.0,0.0,0.0,9.0,0.0,0.0,0.0
hsa-mir-599-3p,0.0,0.0,0.0,0.0,1.0,0.0,0.0,0.0,0.0,0.0
hsa-mir-607-3p,0.0,0.0,0.0,0.0,0.0,17.0,0.0,0.0,0.0,0.0
hsa-mir-6127-5p,5.0,11.0,0.0,2.0,9.0,1.0,0.0,0.0,0.0,0.0
hsa-mir-636-3p,22.0,0.0,3.0,0.0,77.0,6.0,1.0,42.0,0.0,78.0
hsa-mir-641-5p,0.0,18.0,10.0,0.0,18.0,0.0,48.0,0.0,0.0,1.0
hsa-mir-643-3p,9.0,0.0,0.0,0.0,0.0,0.0,0.0,0.0,0.0,0.0
hsa-mir-647-5p,8.0,0.0,0.0,0.0,0.0,0.0,0.0,0.0,0.0,0.0
hsa-mir-663a-5p,0.0,4.0,0.0,0.0,0.0,0.0,0.0,0.0,0.0,0.0
hsa-mir-760-3p,0.0,0.0,0.0,0.0,0.0,0.0,2.0,0.0,0.0,0.0
hsa-mir-7703-3p,1.0,2.0,1.0,0.0,3.0,2.0,0.0,0.0,0.0,0.0
hsa-mir-7705-5p,0.0,0.0,0.0,0.0,0.0,0.0,0.0,0.0,22.0,1.0
hsa-mir-7849-3p,19.0,0.0,0.0,0.0,0.0,0.0,0.0,0.0,0.0,0.0
hsa-mir-8086-5p,0.0,0.0,0.0,33.0,46.0,0.0,0.0,0.0,0.0,6.0
hsa-mir-933-3p,0.0,10.0,0.0,0.0,0.0,0.0,0.0,0.0,0.0,0.0
hsa-mir-943-3p,0.0,0.0,0.0,0.0,0.0,0.0,0.0,0.0,0.0,4.0
